country_iso2,parent_region_ngoaidmap_id,name,ngoaidmap_id,admin_level,gadm_id
HT,1226,Gonaïves,3376,2,15287
HT,1226,Gros-Morne,3375,2,15286
HT,1226,Dessalines,3374,2,15285
HT,1225,Jérémie,3373,2,15284
HT,1225,Corail,3372,2,15283
HT,1225,Anse d'Hainault,3371,2,15282
HT,1224,Mirebalais,3370,2,15281
HT,1224,Lascahobas,3369,2,15280
HT,1224,Hinche,3368,2,15279
HT,1224,Cerca La Source,3367,2,15278
FM,,Chuuk,1020,1,1017
SN,,Kolda,2635,1,2635
YE,,Hajjah,3319,1,3329
YE,,Dhamar,3321,1,3327
YE,,Amran,3322,1,3326
YE,,Abyan,3324,1,3318
ZA,,KwaZulu-Natal,3338,1,3340
ZA,,Limpopo,3339,1,3341
ZA,,Mpumalanga,3340,1,3342
ZA,,North West,3341,1,3343
ZM,,Central,3348,1,3348
ZM,,Copperbelt,3349,1,3349
ZM,,Eastern,3350,1,3350
ZM,,Luapula,3351,1,3351
ZM,,Lusaka,3352,1,3352
ZM,,Northern,3353,1,3353
ZM,,North-Western,3354,1,3354
YE,,Shabwah,3331,1,3336
ZA,,Western Cape,3343,1,3347
ZA,,Northern Cape,3344,1,3344
ZA,,Eastern Cape,3346,1,3338
ZA,,Gauteng,3347,1,3339
UG,,Kamwenge,3101,1,3095
HT,3372,Roseaux,3521,3,25664
HT,3389,Sainte Suzanne,3523,3,25714
HT,3404,St. Jean du Sud,3524,3,25768
HT,3394,Saint Louis du Nord,3525,3,25732
HT,3400,St. Louis du Sud,3526,3,25753
KG,,Osh,1539,1,1530
HT,3378,Saint-Marc,3527,3,25683
HT,3387,St. Raphael,3528,3,25709
HT,3370,Saut d'Eau,3529,3,25657
HT,3369,Savanette,3530,3,25654
HT,3375,Terre Neuve,3532,3,25676
HT,3389,Terrier Rouge,3533,3,25715
HT,3406,Thiotte,3534,3,25775
YE,,Aden,3329,1,3317
YE,,Al-Baidha,3325,1,3319
YE,,Al-Dhalae,3326,1,3320
YE,,Al-Hodeidah,3327,1,3321
YE,,Al-Jawf,3337,1,3322
YE,,Al-Mhrah,3336,1,3323
YE,,Al-Mhweit,3328,1,3324
YE,,Sana'a City,3323,1,3325
YE,,Hadramout,3320,1,3328
YE,,Mareb,3335,1,3332
YE,,Reimah,3334,1,3333
YE,,Sadah,3333,1,3334
YE,,Sana'a,3332,1,3335
YE,,Taiz,3330,1,3337
HT,1227,Barradères,3408,2,88888881
HT,1233,Jacmel,3407,2,15318
HT,1233,Belle-Anse,3406,2,15317
HT,1233,Bainet,3405,2,15316
HT,1232,Port-Salut,3404,2,15315
HT,1232,Côteaux,3403,2,15314
HT,1232,Chardonnières,3402,2,15313
HT,1232,les Cayes,3401,2,15312
HT,1232,Aquin,3400,2,15311
HT,1231,Port-au-Prince,3399,2,15310
HT,1231,Léogâne,3398,2,15309
HT,1231,l'Arcahaie,3397,2,15308
HT,1231,La Gonave,3396,2,15307
HT,1231,Croix-des-Bouquets,3395,2,15306
HT,1230,Saint-Louis du Nord,3394,2,15305
HT,1230,Port-de-Paix,3393,2,15304
HT,1230,Môle Saint-Nicolas,3392,2,15303
HT,1229,Vallières,3391,2,15302
HT,1229,Ouanaminthe,3390,2,15301
HT,1229,le Trou-du-Nord,3389,2,15300
HT,1229,Fort-Liberté,3388,2,15299
HT,1228,Saint-Raphaël,3387,2,15298
HT,1228,Plaisance,3386,2,15297
HT,1228,Limbé,3385,2,15296
HT,1228,Cap-Haïtien,3384,2,15295
HT,1228,l'Acul-du-Nord,3383,2,15294
HT,1228,Grande-Rivière-du-Nord,3382,2,15293
HT,1228,Borgne,3381,2,15292
HT,1227,Miragoâne,3380,2,15291
HT,1226,Saint-Marc,3378,2,15289
HT,1226,Marmelade,3377,2,15288
HT,3393,Chamsolme,3545,3,999999993
HT,3399,Cite Soleil,3447,3,999999992
HT,3388,Ferrier,3547,3,999999995
HT,3388,Fort Liberte,3462,3,25710
HT,3395,Ganthier,3463,3,25736
HT,3376,Gonaives,3464,3,25679
HT,3382,Grande Riviere Du Nord,3466,3,25697
HT,3408,Grand Boucan,3548,3,999999996
HT,3374,Grande Saline,3465,3,25672
HT,3398,Grand-Goave,3467,3,25742
HT,3406,Grand Gosier,3468,3,25774
HT,3399,Gressier,3469,3,25747
HT,3375,Gros Morne,3470,3,25675
HT,3368,Hinche,3471,3,25649
HT,3401,Ile A Vache,3472,3,25757
HT,3407,Jacmel,3473,3,25777
HT,3392,Jean Rabel,3474,3,25725
HT,3380,Paillant,3549,3,999999997
HT,3367,Thomassique,3535,3,25647
HT,3395,Thomazeau,3536,3,25737
HT,3368,Thomonde,3537,3,25651
HT,3402,Tiburon,3538,3,25762
HT,3401,Torbeck,3539,3,25759
HT,3389,Trou du Nord,3540,3,25716
HT,3391,Valliere,3541,3,25722
HT,3378,Verrettes,3542,3,25684
HT,1227,Anse-à-Veau,3379,2,15290
WS,,Aiga-i-le-Tai,3311,1,3307
WS,,Fa'asaleleaga,3314,1,3309
ZM,,Southern,3355,1,3355
IN,,Goa,1297,1,1297
ZM,,Western,3356,1,3356
ZW,,Bulawayo,3357,1,3357
ZW,,Mashonaland Central,3360,1,3360
ZW,,Matabeleland North,3364,1,3364
NZ,,Otago,2130,1,2135
UG,,Kaberamaido,3097,1,3091
HT,3402,Anglais,3484,3,25760
HT,3379,Asile,3482,3,25686
HT,3401,Cayes,3485,3,25755
HT,3371,Irois,3486,3,25660
HT,3373,Jeremie,3475,3,25668
HT,3399,Kenscoff,3476,3,25748
HT,3378,La Chapelle,3477,3,25682
HT,3393,La Tortue,3478,3,25728
HT,3405,La Vallee,3479,3,25771
HT,3381,La Victoire,3480,3,25692
HT,3398,Leogane,3483,3,25743
HT,3369,Lascahobas,3481,3,25653
HT,3385,Limbe,3487,3,25705
HT,3384,Limonade,3488,3,25702
HT,3392,Mole Saint Nicolas,3496,3,25726
HT,3368,Maissade,3489,3,25650
HT,3401,Maniche,3490,3,25758
HT,3407,Marigot,3491,3,25778
HT,3377,Marmelade,3492,3,25680
HT,3383,Milot,3493,3,25699
HT,3380,Miragoane,3494,3,25689
HT,3370,Mirebalais,3495,3,25656
HT,3391,Mombin Crochu,3497,3,25721
HT,3390,Mont Organise,3498,3,25718
HT,3373,Moron,3499,3,25669
HT,3390,Ouanaminthe,3500,3,25719
HT,3399,Petion-Ville,3503,3,25749
HT,3388,Perches,3501,3,25711
HT,3372,Pestel,3502,3,25663
HT,3379,Petit Trou De Nippes,3504,3,25688
HT,3374,Petite Riviere de l'Artibonite,3505,3,25673
HT,3380,Petite Riviere de Nippes,3506,3,25690
HT,3398,Petit Goave,3507,3,25744
HT,3381,Pignon,3508,3,25693
HT,3386,Pilate,3509,3,25706
HT,3383,Plaine du Nord,3510,3,25700
HT,3386,Plaisance,3511,3,25707
HT,3396,Pointe A Raquette,3512,3,25739
HT,3403,Port-a-Piment,3513,3,25764
HT,3399,Port-au-Prince,3514,3,25750
HT,3393,Port De Paix,3515,3,25729
HT,3381,Port Margot,3516,3,25694
HT,3404,Port-Salut,3517,3,25767
HT,3384,Quartier Morin,3518,3,25703
HT,3381,Ranquitte,3519,3,25695
TZ,,Ruvuma,3071,1,3071
TZ,,Tabora,3074,1,3074
UG,,Sironko,3083,1,3131
UG,,Rakai,3086,1,3128
UG,,Ntungamo,3089,1,3125
UG,,Kayunga,3093,1,3100
HT,3375,Anse Rouge,3412,3,25674
HT,3396,Anse A Galet,3414,3,25738
HT,3406,Anse A Pitre,3415,3,25772
HT,3379,Anse A Veau,3416,3,25685
HT,3400,Aquin,3417,3,25751
HT,3397,Arcahaie,3418,3,25740
HT,3404,Arniquet,3419,3,25766
HT,3382,Bahon,3420,3,25696
HT,3392,Baie de Henne,3421,3,25723
CN,,Fujian,575,1,574
HT,3405,Bainet,3422,3,25769
HT,3379,Baraderes,3423,3,25687
HT,3385,Bas Limbe,3424,3,25704
HT,3393,Bassin Bleu,3425,3,25727
HT,3372,Beaumont,3426,3,25661
HT,3369,Belladere,3427,3,25652
HT,3406,Belle Anse,3428,3,25773
HT,3392,Bombardopolis,3429,3,25724
HT,3373,Bonbon,3430,3,25666
HT,3381,Borgne,3431,3,25691
HT,3370,Boucan Carre,3432,3,25655
HT,3403,Coteaux,3450,3,25763
HT,3405,Cotes de Fer,3451,3,25770
HT,3397,Cabaret,3433,3,25741
HT,3401,Camp Perrin,3434,3,25754
HT,3384,Cap Haitien,3435,3,25701
HT,3390,Capotille,3436,3,25717
HT,3389,Caracol,3437,3,25713
HT,3391,Carice,3438,3,25720
HT,3399,Carrefour,3439,3,25745
HT,3400,Cavaillon,3440,3,25752
HT,3407,Cayes Jacmel,3441,3,25776
HT,3367,Cerca La Source,3442,3,25646
HT,3368,Cerca Carvajal,3443,3,25648
HT,3373,Chambellan,3444,3,25667
HT,3401,Chantal,3445,3,25756
HT,3402,Chardonnieres,3446,3,25761
HT,3372,Corail,3448,3,25662
HT,3395,Cornillon,3449,3,25733
HT,3395,Croix-Des-Bouquets,3452,3,25734
HT,3371,Dame Marie,3453,3,25659
HT,3399,Delmas,3454,3,25746
HT,3374,Desdunes,3455,3,25670
HT,3374,Dessalines,3456,3,25671
HT,3387,Dondon,3457,3,25708
HT,3376,Ennery,3458,3,25677
HT,3376,Estere,3459,3,25678
HT,3380,Fonds Des Negres,3460,3,25779
HT,3395,Fonds Verrettes,3461,3,25735
UG,,Adjumani,3104,1,3078
UG,,Bundibugyo,3108,1,3082
UG,,Hoima,3112,1,3086
UG,,Mubende,3116,1,3120
UG,,Moroto,3119,1,3117
UG,,Masindi,3123,1,3113
UG,,Lira,3126,1,3110
UG,,Kyenjojo,3129,1,3107
UG,,Kiboga,3134,1,3102
UA,,Cherkasy,3137,1,3136
UA,,Ivano-Frankivs'k,3144,1,3142
UA,,Vinnytsya,3149,1,3159
UA,,Ternopil',3151,1,3157
UA,,Poltava,3155,1,3153
UA,,L'viv,3158,1,3150
UY,,Treinta y Tres,3177,1,3190
UY,,Canelones,3180,1,3173
UY,,Florida,3185,1,3178
UY,,Montevideo,3188,1,3181
US,,South Carolina,3192,1,3231
US,,Pennsylvania,3195,1,3229
US,,Arizona,3200,1,3193
US,,Utah,3204,1,3235
US,,Washington,3207,1,3238
US,,Tennessee,3210,1,3233
US,,Indiana,3215,1,3205
US,,Hawaii,3218,1,3202
US,,Minnesota,3221,1,3214
US,,Arkansas,3225,1,3194
US,,Montana,3229,1,3217
US,,New Hampshire,3232,1,3220
US,,Oklahoma,3235,1,3227
US,,Ohio,3236,1,3226
US,,North Dakota,3237,1,3225
US,,Delaware,3241,1,3198
UZ,,Jizzakh,3248,1,3245
UZ,,Tashkent City,3252,1,3255
VC,,Saint George,3256,1,3260
VC,,Saint Patrick,3259,1,3261
VE,,Delta Amacuro,3264,1,3270
VE,,Amazonas,3276,1,3262
VE,,Monagas,3284,1,3278
VU,,Malampa,3300,1,3297
WS,,Tuamasaga,3307,1,3314
UA,,Kyiv City,3161,1,3147
UA,,Zakarpattya,3150,1,3158
UY,,San Jose,3173,1,3187
UZ,,Sirdarya,3245,1,3252
VE,,Bolivar,3280,1,3267
VE,,Guarico,3268,1,3274
VE,,Tachira,3272,1,3282
TZ,,Lindi,3062,1,3062
TZ,,Manyara,3063,1,3063
TZ,,Mara,3064,1,3064
SR,,Saramacca,2732,1,2736
SR,,Brokopondo,2736,1,2729
SK,,Nitriansky,2743,1,2742
SE,,Stockholm,2767,1,2773
SE,,Gotland,2771,1,2762
SE,,Kronoberg,2778,1,2767
SZ,,Manzini,2782,1,2782
SY,,As Suwayda',2786,1,2786
SY,,Dar`a,2794,1,2788
TD,,Hadjer-Lamis,2802,1,2802
TD,,Logone Oriental,2806,1,2806
TD,,Mandoul,2807,1,2807
TD,,Mayo-Kebbi Est,2808,1,2808
TG,,Plateaux,2817,1,2819
TH,,Amnat Charoen,2821,1,2821
TH,,Chanthaburi,2828,1,2828
TH,,Chumphon,2832,1,2832
TH,,Kanchanaburi,2835,1,2835
TH,,Loei,2840,1,2840
TH,,Maha Sarakham,2843,1,2843
TH,,Nakhon Phanom,2847,1,2847
TH,,Nakhon Si Thammarat,2850,1,2850
TH,,Pathum Thani,2856,1,2856
TH,,Phatthalung,2859,1,2859
TH,,Phetchaburi,2863,1,2863
TH,,Phra Nakhon Si Ayutthaya,2866,1,2866
TH,,Ratchaburi,2872,1,2872
TH,,Sakon Nakhon,2876,1,2876
TH,,Samut Songkhram,2879,1,2879
TH,,Songkhla,2884,1,2884
SK,,Banskobystricky,2746,1,2739
SE,,Ostergotland,2774,1,2770
SE,,Skane,2760,1,2771
SE,,Vastmanland,2762,1,2778
SY,,Hims,2789,1,2792
SY,,Latakia,2796,1,2794
TH,,Suphan Buri,2887,1,2887
TH,,Surat Thani,2888,1,2888
TH,,Trang,2891,1,2891
TH,,Ubon Ratchathani,2893,1,2893
TH,,Yasothon,2898,1,2898
TM,,Balkan,2906,1,2907
TM,,Chardzhou,2909,1,2908
TL,,Liquica,2913,1,2920
TL,,Aileu,2917,1,2911
TO,,Tongatapu,2924,1,2927
TO,,Vava'u,2928,1,2928
TN,,Jendouba,2943,1,2949
TN,,Gafsa,2947,1,2948
TN,,Monastir,2950,1,2957
TN,,Tataouine,2954,1,2963
TN,,Siliana,2958,1,2961
TN,,Sidi Bou Zid,2961,1,2960
TN,,Kairouan,2965,1,2950
RO,,Botosani,2499,1,2476
RO,,Bacau,2503,1,2473
RO,,Constanta,2506,1,2484
RO,,Satu Mare,2510,1,2502
SA,,Al Bahah,2612,1,2610
SN,,Diourbel,2632,1,2632
SN,,Matam,2637,1,2637
SN,,Tambacounda,2639,1,2639
RU,,Bryansk Region,2533,1,2519
RU,,Ivanovo region,2551,1,2532
RU,,Kabardino-Balkar Republic,2552,1,2533
RU,,Republic of Kalmykia,2553,1,2535
RU,,Karachay-Cherkessia,2524,1,2538
RU,,Khabarovsk Territory,2521,1,2541
RU,,Kirov region,2557,1,2544
RU,,Kostroma region,2561,1,2548
RU,,Kurgan region,2564,1,2551
RU,,Murmansk region,2572,1,2559
RU,,Republic of North Ossetia - Alania,2575,1,2562
RU,,Orel,2580,1,2566
RU,,Penza Region,2587,1,2568
RU,,Perm,2598,1,2569
RU,,Rostov Region,2514,1,2572
RU,,Sakhalin Region,2517,1,2575
RU,,The Republic of Tuva,2583,1,2586
RU,,Yamalo-Nenets Autonomous District,2590,1,2596
SA,,Northern Border,2618,1,2611
SA,,Medina,2616,1,2613
TJ,,Sogd oblast,2902,1,2901
TL,,Cova-Lima,2921,1,2916
AF,,Panjshir,3555,1,
SB,,Rennell and Bellona,2649,1,2652
SB,,Guadalcanal,2653,1,2648
SL,,Western,2657,1,2658
SV,,La Paz,2664,1,2664
SV,,San Miguel,2667,1,2667
SV,,Sonsonate,2671,1,2671
SM,,Faetano,2675,1,2677
SM,,Borgo Maggiore,2678,1,2674
SO,,Bakool,2683,1,2683
SO,,Galguduud,2687,1,2687
SO,,Sanaag,2694,1,2694
SR,,Para,2729,1,2734
PW,,Ngatpang,2280,1,2284
PW,,Melekeok,2284,1,2280
PW,,Peleliu,2288,1,2288
PG,,Eastern Highlands,2290,1,2293
PG,,Western Highlands,2295,1,2307
PG,,Western,2296,1,2306
PG,,West New Britain,2297,1,2305
PG,,Southern Highlands,2298,1,2304
PG,,Milne Bay,2304,1,2298
PL,,Lesser Poland,2308,1,2310
SV,,Cabanas,2660,1,2660
HT,3399,Tabarre,3531,3,999999991
PL,,Masovia,2319,1,2315
PL,,Podlaskie,2316,1,2317
PL,,Warmia-Masuria,2311,1,2322
SO,,Middle Jubba,2690,1,2690
SO,,Lower Shabeelle,2696,1,2696
CL,,Arica y Parinacota,3603,1,
PT,,Viana do Castelo,2419,1,2434
PT,,Vila Real,2423,1,2435
PT,,Portalegre,2431,1,2430
PT,,Leiria,2435,1,2427
PY,,Amambay,2438,1,2439
PY,,Presidente Hayes,2442,1,2453
PY,,Central,2450,1,2445
QA,,Ad Dawhah,2457,1,2457
QA,,Al Jumayliyah,2460,1,2459
QA,,Jariyan al Batnah,2464,1,2463
QA,,Ar Rayyan,2465,1,2462
RO,,Mehedinti,2474,1,2496
RO,,Ialomita,2478,1,2493
RO,,Timis,2481,1,2506
RO,,Neamt,2485,1,2498
RO,,Giurgiu,2488,1,2489
RO,,Dolj,2492,1,2487
RO,,Bucharest,2495,1,2479
NG,,Federal Capital Territory,2030,1,2030
NG,,Kebbi,2037,1,2037
NG,,Nassarawa,2041,1,2041
NG,,Ogun,2043,1,2043
NG,,Ondo,2044,1,2044
NG,,Plateau,2047,1,2047
NG,,Taraba,2050,1,2050
NG,,Zamfara,2053,1,2053
NI,,Carazo,2057,1,2057
NI,,Madriz,2064,1,2064
NI,,Matagalpa,2067,1,2067
NL,,Zeeland,2075,1,2084
NL,,Noord-Holland,2078,1,2081
NL,,Groningen,2083,1,2077
NL,,Noord-Brabant,2086,1,2080
NO,,Vest-Agder,2094,1,2104
NO,,Buskerud,2098,1,2090
NO,,Oslo,2102,1,2098
NP,,West,2110,1,2110
NR,,Anetan,2114,1,2113
NR,,Nibok,2117,1,2122
NR,,Buada,2121,1,2117
NR,,Ewa,2124,1,2119
NZ,,Waikato,2127,1,2138
NZ,,Southland,2129,1,2136
NZ,,Northland,2131,1,2134
NZ,,Marlborough,2133,1,2132
NZ,,Bay of Plenty,2138,1,2126
KP,,South Hwanghae,2411,1,2407
KP,,South P'yongan,2403,1,2412
NI,,Esteli,2060,1,2060
NI,,Rio San Juan,2070,1,2070
NO,,More og Romsdal,2104,1,2094
NO,,Sor-Trondelag,2090,1,2101
PY,,Concepcion,2449,1,2446
PY,,Itapua,2446,1,2449
PT,,Setubal,2428,1,2433
OM,,Ad Dakhliyah,2143,1,2141
OM,,Ash Sharqiyah,2146,1,2145
PA,,Kuna Yala,2162,1,2164
PE,,Madre de Dios,2170,1,2185
PE,,Puno,2174,1,2189
PE,,Tumbes,2177,1,2192
PE,,Lambayeque,2180,1,2182
PE,,Cajamarca,2188,1,2174
MD,,Basarabeasca,1792,1,1763
MD,,Glodeni,1796,1,1780
MG,,Fianarantsoa,1800,1,1800
MX,,Nayarit,1804,1,1821
MX,,Baja California,1815,1,1805
MX,,Distrito Federal,1822,1,1812
ML,,Koulikoro,1848,1,1848
ML,,Sikasso,1851,1,1851
MM,,Sagaing,1859,1,1863
MM,,Mandalay,1862,1,1860
MM,,Kachin,1866,1,1856
ME,,Ulcinj,1870,1,1886
ME,,Podgorica,1873,1,1882
ME,,Plav,1877,1,1879
ME,,Bijelo Polje,1885,1,1870
MN,,Dzavhan,1888,1,1896
MX,,Coahuila de Zaragoza,1820,1,1810
MX,,Mexico,1828,1,1818
MX,,Nuevo Leon,1811,1,1822
MX,,San Luis Potosi,1806,1,1827
MX,,Yucatan,1831,1,1834
ME,,Zabljak,1869,1,1887
PK,,Balochistan,2154,1,2150
PA,,Bocas del Toro,2157,1,2157
PA,,Colon,2166,1,2160
PE,,Apurimac,2191,1,2171
PE,,Huanuco,2184,1,2178
ET,,Southern Nations Nationalities and Peoples,3637,1,
KH,,Kampot,3655,1,
MN,,Arhangay,1892,1,1888
MN,,Darhan-Uul,1896,1,1892
MN,,Dundgovi,1899,1,1895
MN,,Hovd,1903,1,1900
MZ,,Cabo Delgado,1914,1,1914
MZ,,Nampula,1919,1,1919
MZ,,Zambezia,1923,1,1923
MR,,Dakhlet Nouadhibou,1927,1,1927
MR,,Hodh ech Chargui,1930,1,1930
MR,,Tiris Zemmour,1935,1,1935
MU,,Plaines Wilhems,1943,1,1948
MU,,Pamplemousses,1947,1,1947
MY,,Sabah,1982,1,1988
MY,,Trengganu,1985,1,1991
MY,,Perak,1989,1,1985
NA,,Oshana,1996,1,2002
NA,,Ohangwena,1999,1,1999
NA,,Khomas,2003,1,1997
NE,,Maradi,2011,1,2011
NG,,Akwa Ibom,2018,1,2018
NG,,Benue,2022,1,2022
NG,,Delta,2025,1,2025
NG,,Enugu,2029,1,2029
ZW,,Masvingo,3363,1,3363
ZW,,Matabeleland South,3365,1,3365
ZW,,Midlands,3366,1,3366
IT,,Toscana,1411,1,1426
KN,,Christ Church Nichola Town,1569,1,1557
KN,,Saint Paul Charlestown,1574,1,1566
LA,,Xékong,1600,1,1615
LA,,Champasak,1603,1,1602
LR,,Grand Cape Mount,1626,1,1626
LR,,Margibi,1631,1,1631
KR,,Gangwon,1592,1,1583
KR,,Gyeongbuk,1579,1,1586
KR,,Jeonnam,1585,1,1591
KW,,Al Jahra',1596,1,1596
LA,,Louangnamtha,1611,1,1605
LA,,Savannakhet,1607,1,1610
MU,,Riviere du Rempart,1951,1,1950
MN,,Ovorhangay,1906,1,1904
NA,,Okavango,1992,1,1996
KH,,Kandal,3656,1,
LR,,River Cess,1635,1,1635
LY,,Al Butnan,1638,1,1639
LY,,Misratah,1642,1,1658
LY,,Al Marj,1653,1,1645
LY,,Murzuq,1667,1,1660
LC,,Canaries,1678,1,1671
LI,,Eschen,1682,1,1681
LI,,Planken,1685,1,1684
LI,,Triesenberg,1689,1,1689
LS,,Qacha's Nek,1718,1,1723
LS,,Mafeteng,1722,1,1719
LT,,Marijampoles,1726,1,1729
LT,,Panevezio,1730,1,1730
LU,,Grevenmacher,1737,1,1737
MA,,Chaouia - Ouardigha,1745,1,1745
MA,,Marrakech - Tensift - Al Haouz,1748,1,1752
MD,,Falesti,1764,1,1777
MD,,Edinet,1768,1,1776
MD,,Causeni,1771,1,1769
MD,,Drochia,1775,1,1774
MD,,Taraclia,1779,1,1794
MD,,Telenesti,1782,1,1795
MD,,Transnistria,1783,1,1796
MD,,Ungheni,1784,1,1797
MD,,Balti,1785,1,1762
MD,,Cahul,1789,1,1766
WS,,A'ana,3312,1,3306
WS,,Vaisigano,3313,1,3316
WS,,Gaga'emauga,3315,1,3310
WS,,Gagaifomauga,3316,1,3311
YE,,Ibb,3317,1,3330
IQ,,Karbala',1389,1,1391
IS,,Northwest,1396,1,1399
IQ,,Al Basrah,1380,1,1379
IQ,,An Najaf,1383,1,1382
IQ,,Dahuk,1392,1,1389
LY,,Banghazi,1650,1,1653
MA,,Fes-Boulemane,1753,1,1747
LC,,Soufriere,1674,1,1678
YE,,Lahj,3318,1,3331
MZ,,Niassa,3705,1,
IL,,Jerusalem,1408,1,1409
IT,,Trentino-Alto Adige,1414,1,1427
IT,,Apulia,1419,1,1412
IT,,Campania,1422,1,1415
IT,,Friuli-Venezia Giulia,1424,1,1417
IT,,Piemonte,1430,1,1423
JM,,Kingston,1434,1,1433
JM,,Saint Thomas,1437,1,1442
JM,,Saint Andrew,1441,1,1436
JP,,Yamanashi,1457,1,1503
JP,,Niigata,1461,1,1485
JP,,Miyazaki,1465,1,1481
JP,,Yamagata,1468,1,1501
JP,,Kyoto,1473,1,1478
JP,,Kanagawa,1477,1,1475
JP,,Ishikawa,1481,1,1471
JP,,Hokkaido,1484,1,1468
JP,,Fukui,1488,1,1462
JP,,Shiga,1492,1,1492
JP,,Tokushima,1495,1,1496
JP,,Aichi,1499,1,1457
JP,,Osaka,1502,1,1489
,,Pristina,1510,1,1575
KZ,,East Kazakhstan,1511,1,1508
KZ,,North Kazakhstan,1517,1,1510
KZ,,Qyzylorda,1521,1,1514
KE,,Coast,1526,1,1519
KG,,Talas,1533,1,1531
KG,,Jalal-Abad,1537,1,1528
KG,,Naryn,1538,1,1529
KN,,Saint Anne Sandy Point,1565,1,1558
ZW,,Harare,3358,1,3358
ZW,,Manicaland,3359,1,3359
ZW,,Mashonaland East,3361,1,3361
ZW,,Mashonaland West,3362,1,3362
US,,Georgia,3219,1,3201
US,,South Dakota,3220,1,3232
US,,Mississippi,3222,1,3215
US,,New Jersey,3223,1,3221
US,,California,3224,1,3195
US,,Alaska,3226,1,3192
US,,Alabama,3227,1,3191
US,,Missouri,3228,1,3216
US,,Nebraska,3230,1,3218
US,,Nevada,3231,1,3219
US,,Wisconsin,3233,1,3240
US,,Wyoming,3234,1,3241
JO,,Al 'Aqabah,1454,1,1447
JO,,Al Balqa',1446,1,1448
JO,,Al Karak,1451,1,1451
JO,,Al Mafraq,1448,1,1454
JO,,At Tafilah,1447,1,1455
KZ,,Aqtobe,1514,1,1506
PK,,Federally Administered Tribal Areas,3716,1,
US,,North Carolina,3238,1,3224
US,,New York,3239,1,3223
US,,New Mexico,3240,1,3222
UZ,,Surkhandarya,3242,1,3253
UZ,,Karakalpakstan,3243,1,3246
UZ,,Andijon,3244,1,3242
UZ,,Samarkand,3246,1,3251
UZ,,Kashkadarya,3250,1,3247
UZ,,Tashkent,3253,1,3254
UZ,,Namangan,3254,1,3249
UZ,,Khorezm,3255,1,3248
VC,,Saint Andrew,3257,1,3258
VC,,Grenadines,3258,1,3257
VC,,Charlotte,3260,1,3256
VC,,Saint David,3261,1,3259
VE,,Apure,3262,1,3264
VE,,Cojedes,3263,1,3269
VE,,Portuguesa,3270,1,3280
VE,,Sucre,3271,1,3281
VE,,Trujillo,3273,1,3283
VE,,Yaracuy,3274,1,3284
VE,,Zulia,3275,1,3285
VE,,Aragua,3278,1,3265
VE,,Barinas,3279,1,3266
VE,,Carabobo,3281,1,3268
VE,,Miranda,3283,1,3277
VE,,Nueva Esparta,3285,1,3279
VU,,Shefa,3297,1,3300
VU,,Tafea,3298,1,3301
VU,,Penama,3299,1,3298
VU,,Sanma,3301,1,3299
VU,,Torba,3302,1,3302
WS,,Palauli,3306,1,3312
WS,,Satupa'itea,3308,1,3313
WS,,Va'a-o-Fonoti,3309,1,3315
WS,,Atua,3310,1,3308
UG,,Masaka,3124,1,3112
UG,,Luwero,3125,1,3111
UG,,Kumi,3130,1,3106
UG,,Kotido,3131,1,3105
UZ,,Fergana,3249,1,3244
UZ,,Navoiy,3247,1,3250
VE,,Anzoategui,3277,1,3263
VE,,Capital District,3266,1,3272
VE,,Federal Dependencies,3265,1,3271
VE,,Falcon,3267,1,3273
VE,,Merida,3282,1,3276
SD,,Southern Darfur,3755,1,
UG,,Kitgum,3132,1,3104
UG,,Kisoro,3133,1,3103
UG,,Iganga,3135,1,3087
UA,,Kharkiv,3136,1,3143
UA,,Chernihiv,3138,1,3137
UA,,Chernivtsi,3139,1,3138
UA,,Dnipropetrovs'k,3142,1,3140
UA,,Donets'k,3143,1,3141
UA,,Kherson,3145,1,3144
UA,,Zhytomyr,3146,1,3162
UA,,Zaporizhzhya,3147,1,3161
UA,,Sumy,3152,1,3156
UA,,Sevastopol',3153,1,3155
UA,,Rivne,3154,1,3154
UA,,Mykolayiv,3157,1,3151
UA,,Luhans'k,3159,1,3149
UA,,Kirovohrad,3160,1,3148
UA,,Khmel'nyts'kyy,3162,1,3145
UY,,Soriano,3174,1,3188
UY,,Rocha,3176,1,3185
UY,,Salto,3178,1,3186
UY,,Artigas,3179,1,3172
UY,,Cerro Largo,3181,1,3174
UY,,Colonia,3182,1,3175
UY,,Durazno,3183,1,3176
UY,,Flores,3184,1,3177
UY,,Lavalleja,3186,1,3179
UY,,Maldonado,3187,1,3180
UY,,Rivera,3190,1,3184
US,,Florida,3191,1,3200
US,,District of Columbia,3193,1,3199
US,,Rhode Island,3194,1,3230
US,,Oregon,3196,1,3228
US,,Maryland,3197,1,3211
US,,Massachusetts,3198,1,3212
US,,Michigan,3199,1,3213
US,,Connecticut,3201,1,3197
US,,Colorado,3202,1,3196
US,,Texas,3203,1,3234
US,,Vermont,3205,1,3236
US,,Virginia,3206,1,3237
US,,West Virginia,3208,1,3239
US,,Maine,3209,1,3210
US,,Louisiana,3211,1,3209
US,,Kentucky,3212,1,3208
US,,Kansas,3213,1,3207
US,,Iowa,3214,1,3206
US,,Illinois,3216,1,3204
US,,Idaho,3217,1,3203
UA,,Odesa,3156,1,3152
UA,,Volyn',3148,1,3160
UY,,Paysandu,3189,1,3182
UY,,Rio Negro,3172,1,3183
SD,,Southern Kardofan,3756,1,
TZ,,Arusha,3052,1,3052
TZ,,Dodoma,3054,1,3054
TZ,,Iringa,3055,1,3055
TZ,,Kagera,3056,1,3056
TZ,,Kigoma,3059,1,3059
TZ,,Kilimanjaro,3060,1,3060
TZ,,Mbeya,3065,1,3065
TZ,,Morogoro,3066,1,3066
TZ,,Mwanza,3068,1,3068
TZ,,Pwani,3069,1,3069
TZ,,Rukwa,3070,1,3070
TZ,,Shinyanga,3072,1,3072
TZ,,Singida,3073,1,3073
TZ,,Tanga,3075,1,3075
UG,,Kasese,3078,1,3098
UG,,Yumbe,3079,1,3135
UG,,Wakiso,3080,1,3134
UG,,Tororo,3081,1,3133
UG,,Soroti,3082,1,3132
UG,,Sembabule,3084,1,3130
UG,,Rukungiri,3085,1,3129
UG,,Pallisa,3087,1,3127
UG,,Pader,3088,1,3126
UG,,Nebbi,3090,1,3124
UG,,Jinja,3091,1,3088
UG,,Kibale,3092,1,3101
UG,,Katakwi,3094,1,3099
UG,,Kabale,3095,1,3089
UG,,Kabarole,3096,1,3090
UG,,Kalangala,3098,1,3092
UG,,Kampala,3099,1,3093
UG,,Kamuli,3100,1,3094
UG,,Kanungu,3102,1,3096
UG,,Kapchorwa,3103,1,3097
UG,,Apac,3105,1,3079
UG,,Arua,3106,1,3080
UG,,Bugiri,3107,1,3081
UG,,Bushenyi,3109,1,3083
UG,,Busia,3110,1,3084
UG,,Gulu,3111,1,3085
UG,,Nakasongola,3113,1,3123
UG,,Nakapiripirit,3114,1,3122
UG,,Mukono,3115,1,3121
UG,,Mpigi,3117,1,3119
UG,,Moyo,3118,1,3118
UG,,Mbarara,3120,1,3116
UG,,Mbale,3121,1,3115
UG,,Mayuge,3122,1,3114
TO,,Ha'apai,2926,1,2925
TO,,Niuas,2927,1,2926
TN,,Ariana,2946,1,2943
TN,,Nabeul,2951,1,2958
TN,,Zaghouan,2952,1,2966
TN,,Sfax,2953,1,2959
TN,,Tunis,2955,1,2965
TN,,Tozeur,2956,1,2964
TN,,Sousse,2957,1,2962
TN,,Mahdia,2959,1,2954
TN,,Kebili,2963,1,2952
TN,,Bizerte,2966,1,2946
TN,,Beja,2945,1,2944
TN,,Ben Arous,2944,1,2945
TN,,Gabes,2962,1,2947
TN,,Kasserine,2964,1,2951
TN,,Kef,2960,1,2953
TN,,Medenine,2949,1,2956
TN,,Manouba,2948,1,2955
UG,,Butaleja,3800,1,
TH,,Kamphaeng Phet,2834,1,2834
TH,,Khon Kaen,2836,1,2836
TH,,Krabi,2837,1,2837
TH,,Lampang,2838,1,2838
TH,,Lamphun,2839,1,2839
TH,,Lop Buri,2841,1,2841
TH,,Mae Hong Son,2842,1,2842
TH,,Mukdahan,2844,1,2844
TH,,Nakhon Nayok,2845,1,2845
TH,,Nakhon Pathom,2846,1,2846
TH,,Nakhon Ratchasima,2848,1,2848
TH,,Nakhon Sawan,2849,1,2849
TH,,Nan,2851,1,2851
TH,,Narathiwat,2852,1,2852
TH,,Nong Khai,2854,1,2854
TH,,Nonthaburi,2855,1,2855
TH,,Pattani,2857,1,2857
TH,,Phangnga,2858,1,2858
TH,,Phayao,2861,1,2861
TH,,Phetchabun,2862,1,2862
TH,,Phichit,2864,1,2864
TH,,Phitsanulok,2865,1,2865
TH,,Phrae,2867,1,2867
TH,,Phuket,2868,1,2868
TH,,Prachin Buri,2869,1,2869
TH,,Prachuap Khiri Khan,2870,1,2870
TH,,Ranong,2871,1,2871
TH,,Rayong,2873,1,2873
TH,,Roi Et,2874,1,2874
TH,,Sa Kaeo,2875,1,2875
TH,,Samut Prakan,2877,1,2877
TH,,Samut Sakhon,2878,1,2878
TH,,Satun,2881,1,2881
TH,,Sing Buri,2883,1,2883
TH,,Sukhothai,2886,1,2886
TH,,Surin,2889,1,2889
TH,,Tak,2890,1,2890
TH,,Trat,2892,1,2892
TH,,Udon Thani,2894,1,2894
SO,,Gedo,2688,1,2688
UG,,Lyantonde,3807,1,
BR,,Minas Gerais,442,1,442
TH,,Uthai Thani,2895,1,2895
TH,,Uttaradit,2896,1,2896
TH,,Yala,2897,1,2897
TM,,Tashauz,2907,1,2910
TM,,Ahal,2908,1,2906
TM,,Mary,2910,1,2909
TL,,Ainaro,2911,1,2912
TL,,Lautem,2912,1,2919
TL,,Manatuto,2914,1,2921
TL,,Manufahi,2915,1,2922
TL,,Viqueque,2916,1,2923
TL,,Bobonaro,2918,1,2915
TL,,Baucau,2919,1,2914
TL,,Dili,2922,1,2917
TL,,Ermera,2923,1,2918
SK,,Trenciansky,2742,1,2744
SE,,Halland,2759,1,2763
SE,,Uppsala,2766,1,2774
SE,,Dalarna,2773,1,2760
SE,,Orebro,2775,1,2769
SE,,Norrbotten,2776,1,2768
SE,,Blekinge,2777,1,2759
SE,,Kalmar,2779,1,2766
SZ,,Hhohho,2780,1,2780
SZ,,Lubombo,2781,1,2781
SZ,,Shiselweni,2783,1,2783
SY,,Ar Raqqah,2785,1,2785
SY,,Damascus,2787,1,2787
SY,,Dayr Az Zawr,2788,1,2789
SK,,Kosicky,2744,1,2741
SK,,Trnavsky,2741,1,2745
SE,,Gavleborg,2772,1,2761
SE,,Jamtland,2770,1,2764
SE,,Jonkoping,2769,1,2765
SE,,Sodermanland,2768,1,2772
SE,,Varmland,2765,1,2775
TD,,Ouaddai,2811,1,2811
SE,,Vasterbotten,2764,1,2776
SE,,Vasternorrland,2763,1,2777
SE,,Vastra Gotaland,2761,1,2779
SY,,Halab,2784,1,2784
TJ,,Gorno-Badakhshan Autonomous Oblast,2900,1,2899
TJ,,Khatlon oblast,2901,1,2900
TJ,,Region of Republican Subordination,2899,1,2902
TL,,Oecussi,2920,1,2913
TO,,Eua,2925,1,2924
UG,,Manafwa,3808,1,
SY,,Hamah,2791,1,2790
SY,,Tartus,2793,1,2797
SY,,Rif Dimashq,2795,1,2796
TD,,Batha,2798,1,2798
TD,,Chari-Baguirmi,2800,1,2800
TD,,Kanem,2803,1,2803
TD,,Lac,2804,1,2804
TD,,Logone Occidental,2805,1,2805
TD,,Mayo-Kebbi Ouest,2809,1,2809
TD,,Salamat,2812,1,2812
TD,,Ville de N'Djamena,2814,1,2814
TD,,Wadi Fira,2815,1,2815
TG,,Savanes,2816,1,2820
TG,,Maritime,2818,1,2818
TG,,Kara,2819,1,2817
TG,,Centre,2820,1,2816
TH,,Ang Thong,2822,1,2822
TH,,Chachoengsao,2825,1,2825
TH,,Chai Nat,2826,1,2826
TH,,Chaiyaphum,2827,1,2827
TH,,Chiang Mai,2829,1,2829
TH,,Chiang Rai,2830,1,2830
TH,,Chon Buri,2831,1,2831
TH,,Kalasin,2833,1,2833
SB,,Makira,2647,1,2650
SB,,Malaita,2648,1,2651
SB,,Temotu,2650,1,2653
SB,,Western,2651,1,2654
SB,,Choiseul,2652,1,2647
SB,,Isabel,2654,1,2649
SL,,Northern,2655,1,2656
SL,,Eastern,2656,1,2655
SL,,Southern,2658,1,2657
SV,,Chalatenango,2661,1,2661
SV,,La Libertad,2663,1,2663
SV,,San Salvador,2668,1,2668
SV,,San Vicente,2669,1,2669
SV,,Santa Ana,2670,1,2670
SM,,Serravalle,2673,1,2681
SM,,San Marino,2674,1,2680
SM,,Montegiardino,2676,1,2679
SM,,Chiesanuova,2677,1,2675
SM,,Acquaviva,2679,1,2673
SM,,Fiorentino,2680,1,2678
SM,,Domagnano,2681,1,2676
SO,,Awdal,2682,1,2682
SO,,Banaadir,2684,1,2684
SO,,Bari,2685,1,2685
SO,,Bay,2686,1,2686
SV,,Ahuachapan,2659,1,2659
SV,,Cuscatlan,2662,1,2662
SV,,La Union,2665,1,2665
SV,,Morazan,2666,1,2666
SV,,Usulutan,2672,1,2672
SY,,Al Hasakah,2790,1,2791
SY,,Al Qunaytirah,2792,1,2795
VN,,Dong Thap,3832,1,
SO,,Hiiraan,2689,1,2689
SO,,Mudug,2692,1,2692
SO,,Nugaal,2693,1,2693
SO,,Sool,2697,1,2697
SO,,Togdheer,2698,1,2698
SO,,Woqooyi Galbeed,2699,1,2699
SR,,Sipaliwini,2731,1,2737
SR,,Paramaribo,2733,1,2735
SR,,Nickerie,2734,1,2733
SR,,Marowijne,2735,1,2732
SR,,Coronie,2737,1,2731
SR,,Commewijne,2738,1,2730
RU,,Irkutsk Region,2550,1,2531
RU,,Kaluga region,2555,1,2536
RU,,Kamchatka,2556,1,2537
RU,,Komi Republic,2558,1,2545
RU,,Krasnodar Territory,2562,1,2549
RU,,Kursk Region,2565,1,2552
RU,,Leningrad Region,2566,1,2553
RU,,Lipetsk region,2567,1,2554
RU,,The Republic of Mari El,2569,1,2556
RU,,Republic of Mordovia,2570,1,2557
RU,,Moscow,2571,1,2558
RU,,Nenets Autonomous District,2573,1,2560
RU,,Nizhny Novgorod region,2574,1,2561
RU,,Novgorod Region,2577,1,2563
RU,,Novosibirsk Region,2578,1,2564
RU,,Omsk Region,2579,1,2565
RU,,Orenburg region,2581,1,2567
RU,,Tula Region,2582,1,2585
RU,,Tver region,2584,1,2587
RU,,Udmurt Republic,2576,1,2589
RU,,Ulyanovsk region,2554,1,2590
ST,,Principe,2728,1,2727
ST,,Sao Tome,2727,1,2728
SK,,Presovsky,2739,1,2743
SO,,Middle Shabeelle,2695,1,2695
ZA,,Free State,3876,1,
SA,,Ha'il,2609,1,2617
SA,,Jizan,2610,1,2618
SA,,Al Jawf,2617,1,2612
SA,,Tabuk,2620,1,2621
SA,,Najran,2621,1,2620
SD,,Blue Nile,2623,1,2623
SD,,Kassala,2626,1,2626
SD,,Khartoum,2627,1,2627
SD,,Northern,2629,1,2629
SN,,Dakar,2631,1,2631
SN,,Fatick,2633,1,2633
SN,,Kaolack,2634,1,2634
SN,,Louga,2636,1,2636
SN,,Saint-Louis,2638,1,2638
SN,,Ziguinchor,2641,1,2641
PS,,Gaza,2455,1,2455
PS,,West Bank,2456,1,2456
QA,,Al Wakrah,2458,1,2461
QA,,Al Khawr,2459,1,2460
QA,,Umm Salal,2462,1,2465
RO,,Galati,2470,1,2488
RO,,Salaj,2471,1,2501
RO,,Prahova,2472,1,2500
RO,,Olt,2473,1,2499
RO,,Maramures,2475,1,2495
RO,,Mures,2476,1,2497
RO,,Iasi,2477,1,2494
RO,,Teleorman,2479,1,2505
PY,,Caaguazu,2453,1,2442
RU,,Saratov Region,2597,1,2577
RU,,Smolensk region,2596,1,2578
RU,,Stavropol Territory,2595,1,2579
RU,,Tambov region,2593,1,2581
RU,,The Republic of Tatarstan (Tatarstan),2592,1,2582
RU,,Tomsk Region,2586,1,2584
RU,,Tyumen Region,2585,1,2588
RU,,Voronezh Region,2589,1,2595
SA,,'Asir,2619,1,2609
SA,,Al Qasim,2615,1,2614
SA,,Riyadh,2614,1,2615
SA,,Eastern,2613,1,2616
SA,,Mecca,2611,1,2619
SY,,Idlib,2797,1,2793
RO,,Tulcea,2482,1,2507
RO,,Vaslui,2483,1,2509
RO,,Vrancea,2484,1,2510
RO,,Hunedoara,2486,1,2492
RO,,Harghita,2487,1,2491
RO,,Suceava,2489,1,2504
RO,,Sibiu,2490,1,2503
RO,,Cluj,2491,1,2483
RO,,Caras-Severin,2493,1,2482
RO,,Calarasi,2494,1,2481
RO,,Buzau,2496,1,2480
RO,,Brasov,2497,1,2478
RO,,Braila,2498,1,2477
RO,,Bistrita-Nasaud,2501,1,2475
RO,,Bihor,2502,1,2474
RO,,Arges,2504,1,2472
RO,,Arad,2505,1,2471
RO,,Covasna,2507,1,2485
RO,,Gorj,2508,1,2490
RO,,Alba,2509,1,2470
RU,,Altai Republic,2538,1,2513
RU,,Amur Region,2528,1,2514
RU,,Astrakhan region,2530,1,2516
RU,,Belgorod Region,2532,1,2518
RU,,The Republic of Buryatia,2534,1,2520
RU,,Chechen Republic,2539,1,2521
RU,,Chukotka Autonomous District,2542,1,2524
RU,,Chuvash Republic - Chuvashia,2544,1,2525
RU,,Saint Petersburg,2545,1,2526
RU,,Dagestan Republic,2546,1,2527
RU,,Kaliningrad region,2535,1,2534
RU,,Republic of Karelia,2523,1,2539
RU,,Kemerovo Region,2522,1,2540
RU,,The Republic of Khakassia,2520,1,2542
RU,,Primorsky Krai,2512,1,2570
RU,,Pskov Region,2513,1,2571
RU,,Ryazan Region,2515,1,2573
RU,,The Republic of Sakha (Yakutia),2516,1,2574
RU,,Samara Region,2511,1,2576
RU,,Vladimir Region,2527,1,2592
RU,,Volgograd Region,2526,1,2593
RU,,Yaroslavl Region,2525,1,2597
RU,,Jewish Autonomous Region,2518,1,2598
AF,,Baghlan,3,1,3
AF,,Faryab,7,1,7
DZ,,Alger,866,1,833
PT,,Castelo Branco,2418,1,2422
PT,,Faro,2420,1,2425
PT,,Viseu,2422,1,2436
PT,,Braga,2424,1,2420
PT,,Beja,2425,1,2419
PT,,Azores,2426,1,2418
PT,,Aveiro,2427,1,2417
PT,,Porto,2430,1,2431
PT,,Madeira,2432,1,2429
PT,,Coimbra,2433,1,2423
PT,,Guarda,2436,1,2426
PY,,Alto Paraguay,2440,1,2437
PY,,San Pedro,2441,1,2454
PY,,à‘eembucú,2444,1,2451
PY,,Misiones,2445,1,2450
PY,,Cordillera,2448,1,2447
KP,,South Hamgyong,2409,1,2405
KP,,North Hwanghae,2410,1,2406
KP,,Kangwon,2413,1,2409
KP,,North P'yongan,2404,1,2411
KP,,Pyongyang,2414,1,2413
PY,,Alto Parana,2439,1,2438
PY,,Boqueron,2437,1,2441
PY,,Caazapa,2452,1,2443
PY,,Canindeyu,2451,1,2444
PY,,Guaira,2447,1,2448
PY,,Paraguari,2443,1,2452
PT,,Evora,2429,1,2424
PT,,Braganca,2421,1,2421
PT,,Lisbon,2434,1,2428
PT,,Santarem,2417,1,2432
PW,,Aimeliik,2276,1,2276
PW,,Ngarchelong,2277,1,2282
PW,,Ngeremlengui,2278,1,2286
PW,,Ngchesar,2279,1,2285
PW,,Airai,2281,1,2277
PW,,Kayangel,2282,1,2278
PW,,Koror,2283,1,2279
PW,,Ngaraard,2285,1,2281
PW,,Ngardmau,2286,1,2283
PW,,Ngiwal,2287,1,2287
PG,,Gulf,2289,1,2295
PG,,East Sepik,2291,1,2292
PG,,East New Britain,2292,1,2291
PG,,Chimbu,2293,1,2290
PG,,Central,2294,1,2289
PG,,Sandaun,2299,1,2303
PG,,Northern,2300,1,2302
PG,,New Ireland,2302,1,2300
PG,,Morobe,2303,1,2299
PG,,Manus,2305,1,2297
PG,,Madang,2306,1,2296
PG,,Enga,2307,1,2294
PL,,Swietokrzyskie,2312,1,2321
PL,,Greater Poland,2317,1,2308
PL,,Lubusz,2320,1,2314
PL,,Lublin,2321,1,2313
PL,,Kuyavia-Pomerania,2309,1,2309
PL,,Lodzkie,2323,1,2311
PL,,Lower Silesia,2322,1,2312
PL,,Opolskie,2318,1,2316
PL,,Pomerania,2315,1,2318
PL,,Silesia,2314,1,2319
PL,,Subcarpathia,2313,1,2320
PL,,West Pomerania,2310,1,2323
AF,,Kandahar,14,1,14
AF,,Kunar,17,1,17
PE,,Pasco,2172,1,2187
PE,,Piura,2173,1,2188
PE,,Tacna,2176,1,2191
PE,,Ucayali,2178,1,2193
PE,,Lima,2179,1,2183
PE,,La Libertad,2181,1,2181
PE,,Ica,2183,1,2179
PE,,Huancavelica,2185,1,2177
PE,,Cusco,2186,1,2176
PE,,Callao,2187,1,2175
PE,,Ayacucho,2189,1,2173
PE,,Arequipa,2190,1,2172
PE,,Ancash,2192,1,2170
PE,,Amazonas,2193,1,2169
,,Pecki,1509,1,1574
AF,,Nangarhar,21,1,21
AF,,Paktika,24,1,24
NL,,Drenthe,2079,1,2073
NL,,Flevoland,2080,1,2074
NL,,Friesland,2081,1,2075
NL,,Gelderland,2082,1,2076
NL,,Limburg,2085,1,2079
NO,,Nordland,2087,1,2095
NO,,Telemark,2089,1,2102
NO,,Troms,2092,1,2103
NO,,Akershus,2093,1,2087
NO,,Vestfold,2095,1,2105
NO,,Rogaland,2096,1,2099
NO,,Aust-Agder,2097,1,2089
NO,,Finnmark,2099,1,2091
NO,,Hedmark,2100,1,2092
NO,,Hordaland,2101,1,2093
NO,,Oppland,2103,1,2097
NO,,Sogn og Fjordane,2105,1,2100
NP,,Central,2106,1,2106
NP,,Far-Western,2108,1,2108
NP,,Mid-Western,2109,1,2109
NR,,Yaren,2111,1,2124
NR,,Uaboe,2112,1,2123
NR,,Ijuw,2113,1,2120
NR,,Meneng,2115,1,2121
NR,,Boe,2116,1,2116
NR,,Aiwo,2118,1,2111
NR,,Anibare,2119,1,2114
NR,,Baiti,2120,1,2115
NR,,Anabar,2122,1,2112
NR,,Denigomodu,2123,1,2118
NZ,,Manawatu-Wanganui,2125,1,2131
NZ,,Wellington,2126,1,2139
NZ,,Taranaki,2128,1,2137
NZ,,Nelson,2132,1,2133
NZ,,Hawke's Bay,2134,1,2130
NZ,,Gisborne,2135,1,2129
NZ,,Chatham Islands,2136,1,2128
NZ,,Canterbury,2137,1,2127
NZ,,Auckland,2139,1,2125
NZ,,West Coast,2140,1,2140
OM,,Musandam,2141,1,2147
OM,,Dhofar,2145,1,2146
OM,,Muscat,2147,1,2148
OM,,Al Wusta,2148,1,2144
NO,,Nord-Trondelag,2088,1,2096
OM,,Al Batinah,2144,1,2142
OM,,Az Zahirah,2142,1,2143
PK,,Sindh,2149,1,2156
AF,,Samangan,27,1,27
AF,,Wardak,31,1,31
AO,,Benguela,34,1,34
PK,,Azad Kashmir,2155,1,2149
PK,,Punjab,2156,1,2155
PA,,Veraguas,2158,1,2168
PA,,Los Santos,2161,1,2165
PA,,Herrera,2163,1,2163
PE,,Loreto,2169,1,2184
PE,,Moquegua,2171,1,2186
MY,,Kelantan,1979,1,1981
MY,,Kedah,1980,1,1980
MY,,Johor,1981,1,1979
MY,,Sarawak,1983,1,1989
MY,,Selangor,1984,1,1990
MY,,Melaka,1986,1,1982
MY,,Negeri Sembilan,1987,1,1983
MY,,Pahang,1988,1,1984
MY,,Perlis,1990,1,1986
MY,,Pulau Pinang,1991,1,1987
NA,,Hardap,1993,1,1994
NA,,Erongo,1994,1,1993
NA,,Caprivi,1995,1,1992
NA,,Omusati,1997,1,2001
NA,,Omaheke,1998,1,2000
NA,,Otjozondjupa,2000,1,2004
NA,,Oshikoto,2001,1,2003
NA,,Kunene,2002,1,1998
NA,,Karas,2004,1,1995
NE,,Agadez,2008,1,2008
NE,,Diffa,2009,1,2009
NE,,Dosso,2010,1,2010
NE,,Niamey,2012,1,2012
NE,,Tahoua,2013,1,2013
NE,,Zinder,2015,1,2015
NG,,Abia,2016,1,2016
NG,,Adamawa,2017,1,2017
NG,,Anambra,2019,1,2019
NG,,Bauchi,2020,1,2020
NG,,Bayelsa,2021,1,2021
NG,,Borno,2023,1,2023
NG,,Cross River,2024,1,2024
NG,,Ebonyi,2026,1,2026
NG,,Edo,2027,1,2027
NG,,Ekiti,2028,1,2028
NG,,Gombe,2031,1,2031
NG,,Imo,2032,1,2032
NG,,Jigawa,2033,1,2033
NG,,Kaduna,2034,1,2034
NG,,Kano,2035,1,2035
NG,,Katsina,2036,1,2036
NG,,Kogi,2038,1,2038
NG,,Kwara,2039,1,2039
NG,,Lagos,2040,1,2040
NG,,Niger,2042,1,2042
PA,,Chiriqui,2168,1,2158
PA,,Cocle,2167,1,2159
PA,,Darien,2165,1,2161
PA,,Embera-Wounaan,2164,1,2162
PA,,Ngobe-Bugle,2160,1,2166
PA,,Panama,2159,1,2167
AO,,Cuando Cubango,37,1,37
AO,,Lunda Sul,45,1,45
NG,,Osun,2045,1,2045
NG,,Oyo,2046,1,2046
NG,,Rivers,2048,1,2048
NG,,Sokoto,2049,1,2049
NG,,Yobe,2052,1,2052
NI,,Atlántico Norte,2054,1,2054
NI,,Atlántico Sur,2055,1,2055
NI,,Boaco,2056,1,2056
NI,,Chinandega,2058,1,2058
NI,,Chontales,2059,1,2059
NI,,Granada,2061,1,2061
NI,,Jinotega,2062,1,2062
NI,,Managua,2065,1,2065
NI,,Masaya,2066,1,2066
NI,,Nueva Segovia,2069,1,2069
NI,,Rivas,2071,1,2071
NU,,Niue,2072,1,2072
NL,,Overijssel,2073,1,2082
NL,,Utrecht,2074,1,2083
NL,,Zeeuwse meren,2076,1,2085
ME,,Cetinje,1883,1,1872
ME,,Budva,1884,1,1871
ME,,Berane,1886,1,1869
ME,,Bar,1887,1,1868
MN,,Orhon,1889,1,1903
MN,,Ulaanbaatar,1890,1,1908
MN,,Uvs,1891,1,1909
MN,,Bayanhongor,1893,1,1889
MN,,Bulgan,1895,1,1891
MN,,Dornod,1897,1,1893
MN,,Dornogovi,1898,1,1894
MN,,Govi-Altay,1900,1,1897
MN,,Hentiy,1902,1,1899
MN,,Selenge,1907,1,1905
MZ,,Gaza,1915,1,1915
MZ,,Inhambane,1916,1,1916
MZ,,Manica,1917,1,1917
MZ,,Maputo,1918,1,1918
MZ,,Sofala,1921,1,1921
MZ,,Tete,1922,1,1922
MR,,Adrar,1924,1,1924
MR,,Assaba,1925,1,1925
MR,,Brakna,1926,1,1926
MR,,Gorgol,1928,1,1928
MR,,Guidimaka,1929,1,1929
MR,,Inchiri,1932,1,1932
MR,,Nouakchott,1933,1,1933
MN,,Omnogovi,1905,1,1902
MN,,Bayan-Olgiy,1894,1,1890
MN,,Govisumber,1901,1,1898
MN,,Hovsgol,1904,1,1901
MN,,Suhbaatar,1908,1,1906
MN,,Tov,1909,1,1907
NI,,Leon,2063,1,2063
MR,,Tagant,1934,1,1934
MR,,Trarza,1936,1,1936
MU,,Grand Port,1941,1,1944
MU,,Savanne,1942,1,1952
MU,,Moka,1946,1,1945
MU,,Black River,1948,1,1941
MU,,Port Louis,1950,1,1949
MU,,Flacq,1952,1,1943
MD,,Calarasi,1788,1,1767
MD,,Briceni,1790,1,1765
MD,,Bender,1791,1,1764
MD,,Ocnita,1793,1,1785
MD,,Nisporeni,1794,1,1784
MD,,Gagauzia,1797,1,1779
MG,,Antananarivo,1798,1,1798
MG,,Antsiranana,1799,1,1799
MG,,Mahajanga,1801,1,1801
MG,,Toamasina,1802,1,1802
MX,,Sinaloa,1805,1,1828
MX,,Quintana Roo,1807,1,1826
MX,,Puebla,1809,1,1824
MX,,Oaxaca,1810,1,1823
MX,,Morelos,1812,1,1820
MX,,Tamaulipas,1813,1,1831
MX,,Aguascalientes,1814,1,1804
MX,,Baja California Sur,1816,1,1806
MX,,Campeche,1817,1,1807
MX,,Chiapas,1818,1,1808
MX,,Chihuahua,1819,1,1809
MX,,Colima,1821,1,1811
MX,,Durango,1823,1,1813
MX,,Guanajuato,1824,1,1814
MX,,Guerrero,1825,1,1815
MX,,Hidalgo,1826,1,1816
MX,,Jalisco,1827,1,1817
MU,,Rodrigues,1945,1,1951
MX,,Queretaro de Arteaga,1808,1,1825
MD,,Hincesti,1795,1,1781
MX,,Zacatecas,1830,1,1835
MX,,Tlaxcala,1833,1,1832
MX,,Tabasco,1834,1,1830
MX,,Sonora,1835,1,1829
ML,,Bamako,1844,1,1844
ML,,Gao,1845,1,1845
ML,,Kayes,1846,1,1846
ML,,Kidal,1847,1,1847
ML,,Mopti,1849,1,1849
MM,,Chin,1853,1,1855
MM,,Bago,1854,1,1854
MM,,Yangon,1856,1,1866
MM,,Tanintharyi,1857,1,1865
MM,,Shan,1858,1,1864
MM,,Rakhine,1860,1,1862
MM,,Mon,1861,1,1861
MM,,Magway,1863,1,1859
MM,,Kayin,1864,1,1858
ME,,Andrijevica,1867,1,1867
ME,,Mojkovac,1868,1,1877
ME,,Tivat,1871,1,1885
ME,,Pljevlja,1876,1,1880
ME,,Kotor,1879,1,1876
ME,,Herceg Novi,1881,1,1874
ME,,Danilovgrad,1882,1,1873
LS,,Thaba-Tseka,1716,1,1725
LS,,Quthing,1717,1,1724
LS,,Mokhotlong,1719,1,1722
LS,,Mohale's Hoek,1720,1,1721
LS,,Maseru,1721,1,1720
LS,,Leribe,1723,1,1718
LS,,Butha-Buthe,1724,1,1717
LS,,Berea,1725,1,1716
LT,,Alytaus,1727,1,1726
LT,,Kauno,1728,1,1727
ML,,Segou,1850,1,1850
ML,,Tombouctou,1852,1,1852
MX,,Michoacan de Ocampo,1829,1,1819
MX,,Veracruz-Llave,1832,1,1833
ME,,Niksic,1878,1,1878
LT,,Klaipedos,1729,1,1728
LT,,Taurages,1732,1,1732
LT,,Utenos,1734,1,1734
LT,,Vilniaus,1735,1,1735
LU,,Luxembourg,1736,1,1738
LU,,Diekirch,1738,1,1736
MA,,Grand Casablanca,1747,1,1749
MA,,Taza - Al Hoceima - Taounate,1750,1,1759
MA,,Tadla - Azilal,1752,1,1757
MA,,Doukkala - Abda,1754,1,1746
MA,,Oriental,1759,1,1754
MC,,Monaco,1760,1,1760
MD,,Soldanesti,1761,1,1790
MD,,Floresti,1762,1,1778
MD,,Leova,1763,1,1783
MD,,Dubasari,1765,1,1775
MD,,Criuleni,1766,1,1772
MD,,Rezina,1767,1,1787
MD,,Orhei,1769,1,1786
MD,,Ialoveni,1770,1,1782
MD,,Chisinau,1772,1,1770
MD,,Anenii Noi,1773,1,1761
MD,,Donduseni,1774,1,1773
MD,,Soroca,1778,1,1791
MD,,Straseni,1781,1,1793
MD,,Cimislia,1786,1,1771
MD,,Cantemir,1787,1,1768
LA,,Vientiane,1601,1,1611
LA,,Houaphan,1602,1,1603
LA,,Bolikhamxai,1604,1,1601
LA,,Bokeo,1605,1,1600
LA,,Louangphrabang,1612,1,1606
LA,,Xiangkhoang,1614,1,1616
LA,,Khammouan,1616,1,1604
LR,,Bomi,1623,1,1623
LR,,Bong,1624,1,1624
LA,,Oudomxai,1610,1,1607
LA,,Phongsali,1609,1,1608
LB,,Beirut,1620,1,1618
LB,,Beqaa,1619,1,1619
LT,,Siauliu,1731,1,1731
MA,,Gharb-Chrarda-Beni Hssen,1746,1,1748
MA,,Guelmim-Es Smara,1755,1,1750
MA,,Meknes-Tafilalet,1749,1,1753
MA,,Rabat-Sale-Zemmour-Zaer,1757,1,1755
MA,,Souss-Massa-Draa,1758,1,1756
MA,,Tanger-Tetouan,1751,1,1758
MD,,Riscani,1776,1,1788
MD,,Singerei,1777,1,1789
MD,,Stefan-Voda,1780,1,1792
AL,,Berat,67,1,67
AL,,Elbasan,70,1,70
LR,,Lofa,1630,1,1630
LR,,Maryland,1632,1,1632
LR,,Montserrado,1633,1,1633
LR,,Nimba,1634,1,1634
LR,,River Gee,1636,1,1636
LR,,Sinoe,1637,1,1637
LY,,Surt,1639,1,1664
LY,,Al Kufrah,1640,1,1644
LY,,Az Zawiyah,1643,1,1651
LY,,An Nuqat al Khams,1647,1,1649
LY,,Darnah,1649,1,1654
LY,,Ghat,1652,1,1657
LY,,Tarabulus,1654,1,1666
LY,,Wadi Al Hayat,1657,1,1668
LY,,Al Jabal al Akhdar,1659,1,1641
LY,,Al Jufrah,1664,1,1643
LY,,Nalut,1665,1,1661
LY,,Al Marqab,1668,1,1646
LC,,Laborie,1670,1,1676
LC,,Vieux Fort,1671,1,1679
LC,,Gros Islet,1672,1,1675
LC,,Dennery,1673,1,1674
LC,,Micoud,1675,1,1677
LC,,Choiseul,1676,1,1673
LC,,Castries,1677,1,1672
LI,,Schellenberg,1680,1,1687
LI,,Balzers,1681,1,1680
LI,,Gamprin,1683,1,1682
LI,,Mauren,1684,1,1683
LI,,Ruggell,1686,1,1685
LI,,Schaan,1687,1,1686
LI,,Triesen,1688,1,1688
KZ,,Almaty,1512,1,1504
KZ,,Aqmola,1513,1,1505
KZ,,Atyrau,1515,1,1507
KZ,,Mangghystau,1516,1,1509
KZ,,Pavlodar,1518,1,1511
KZ,,Qaraghandy,1519,1,1512
KZ,,Qostanay,1520,1,1513
KZ,,South Kazakhstan,1522,1,1515
KZ,,West Kazakhstan,1523,1,1516
KZ,,Zhambyl,1524,1,1517
LY,,Al Wahat,1644,1,1648
LY,,Wadi ash Shati,1641,1,1650
LY,,Sabha,1663,1,1662
LI,,Vaduz,1690,1,1690
LC,,Anse La Raye,1679,1,1670
KE,,Central,1525,1,1518
KE,,Eastern,1527,1,1520
KE,,Nyanza,1530,1,1523
KE,,Rift Valley,1531,1,1524
KE,,Western,1532,1,1525
KG,,Batken,1535,1,1526
KG,,Bishkek,1536,1,1527
KH,,Kep,1549,1,1542
KH,,Phnom Penh,1555,1,1548
KH,,Svay Rieng,1562,1,1555
KN,,Saint John Capisterre,1564,1,1562
KN,,Saint George Basseterre,1566,1,1559
KN,,Saint George Gingerland,1567,1,1560
KN,,Trinity Palmetto Point,1568,1,1570
KN,,Saint James Windward,1570,1,1561
KN,,Saint John Figtree,1571,1,1563
KN,,Saint Mary Cayon,1572,1,1564
KN,,Saint Paul Capisterre,1573,1,1565
KN,,Saint Thomas Middle Island,1575,1,1569
KN,,Saint Peter Basseterre,1576,1,1567
KN,,Saint Thomas Lowland,1577,1,1568
KR,,Gwangju,1578,1,1584
KR,,Jeju,1581,1,1589
KR,,Incheon,1582,1,1588
KR,,Ulsan,1583,1,1593
KR,,Seoul,1584,1,1592
KR,,Busan,1588,1,1578
KR,,Daegu,1590,1,1581
KR,,Daejeon,1591,1,1582
KW,,Hawalli,1595,1,1598
KW,,Al Farwaniyah,1597,1,1595
KW,,Al Ahmadi,1598,1,1594
IT,,Umbria,1415,1,1428
IT,,Valle d'Aosta,1416,1,1429
IT,,Veneto,1417,1,1430
IT,,Abruzzo,1418,1,1411
AL,,Tirane,77,1,77
KE,,Nairobi Area,1528,1,1521
KR,,Gyeonggi,1593,1,1585
KR,,Gyeongnam,1580,1,1587
KR,,Jeonbuk,1589,1,1590
KW,,Al 'Asimah,1594,1,1597
KG,,Ysyk-Kol,1534,1,1532
AD,,Escaldes-Engordany,80,1,82
IT,,Basilicata,1420,1,1413
IT,,Calabria,1421,1,1414
IT,,Emilia-Romagna,1423,1,1416
IT,,Lazio,1425,1,1418
IT,,Liguria,1426,1,1419
IT,,Lombardia,1427,1,1420
IT,,Marche,1428,1,1421
IT,,Molise,1429,1,1422
JM,,Saint James,1431,1,1440
JM,,Hanover,1432,1,1432
JM,,Clarendon,1433,1,1431
JM,,Westmoreland,1435,1,1444
JM,,Saint Mary,1436,1,1441
JM,,Trelawny,1438,1,1443
JM,,Manchester,1439,1,1434
JM,,Portland,1440,1,1435
JM,,Saint Ann,1442,1,1437
JM,,Saint Catherine,1443,1,1438
JM,,Saint Elizabeth,1444,1,1439
JO,,Ma`an,1449,1,1452
JO,,Madaba,1450,1,1453
JO,,Jarash,1452,1,1450
JO,,Irbid,1453,1,1449
JO,,Ajlun,1456,1,1445
JP,,Chiba,1458,1,1460
JP,,Okayama,1459,1,1487
JP,,Oita,1460,1,1486
JP,,Nara,1462,1,1484
JP,,Naoasaki,1463,1,1483
JP,,Nagano,1464,1,1482
JP,,Tochigi,1466,1,1495
JP,,Yamaguchi,1467,1,1502
JP,,Wakayama,1469,1,1500
JP,,Toyama,1470,1,1499
JP,,Miyagi,1471,1,1480
JP,,Kumamoto,1474,1,1477
JP,,Kochi,1475,1,1476
JP,,Ehime,1476,1,1461
JP,,Kagoshima,1478,1,1474
JP,,Kagawa,1479,1,1473
JP,,Iwate,1480,1,1472
JP,,Ibaraki,1482,1,1470
JP,,Hyogo,1483,1,1469
JP,,Hiroshima,1485,1,1467
JP,,Gunma,1486,1,1466
JP,,Gifu,1487,1,1465
JP,,Fukuoka,1489,1,1463
JP,,Fukushima,1490,1,1464
JP,,Saitama,1491,1,1491
JP,,Shimane,1493,1,1493
JP,,Shizuoka,1494,1,1494
JP,,Tokyo,1496,1,1497
JP,,Tottori,1497,1,1498
JP,,Okinawa,1498,1,1488
JP,,Aomori,1500,1,1459
JP,,Saga,1501,1,1490
JP,,Akita,1503,1,1458
,,Prizren,1504,1,1576
,,Uroševac,1505,1,1577
,,?akovica,1506,1,1571
,,Gnjilane,1507,1,1572
,,Kosovska Mitrovica,1508,1,1573
AD,,Andorra la Vella,84,1,79
IN,,Tamil Nadu,1317,1,1317
IN,,Tripura,1318,1,1318
IN,,West Bengal,1321,1,1321
IQ,,Arbil,1385,1,1383
IQ,,Babil,1387,1,1386
IQ,,Maysan,1390,1,1392
IQ,,Diyala,1393,1,1390
IQ,,Ninawa,1394,1,1393
IQ,,Wasit,1395,1,1395
IS,,Southwest,1398,1,1401
IS,,Westfjords,1399,1,1402
IS,,West,1401,1,1403
IQ,,Al Anbar,1379,1,1378
IQ,,Al Muthanna,1381,1,1380
IQ,,Al Qadisiyah,1382,1,1381
IQ,,As Sulaymaniyah,1386,1,1384
IQ,,Kirkuk,1384,1,1385
IQ,,Dhi Qar,1391,1,1388
IQ,,Salah ad Din,1378,1,1394
IL,,Haifa,1405,1,1406
IL,,Tel Aviv,1409,1,1410
IT,,Sardegna,1412,1,1424
HT,,Centre,1224,1,1224
HT,,Grand'Anse,1225,1,1225
HT,,Nippes,1227,1,1227
HT,,Nord,1228,1,1228
HT,,Nord-Ouest,1230,1,1230
HT,,Sud,1232,1,1232
HU,,Baranya,1237,1,1235
HU,,Gyor-Moson-Sopron,1242,1,1241
HU,,Heves,1244,1,1243
HU,,Somogy,1249,1,1248
HU,,Tolna,1251,1,1250
HU,,Vas,1252,1,1251
HU,,Zala,1253,1,1253
ID,,Yogyakarta,1255,1,1286
ID,,Papua,1265,1,1276
ID,,Riau,1266,1,1277
ID,,Maluku,1267,1,1272
ID,,Bali,1278,1,1255
ID,,Banten,1280,1,1257
ID,,Bengkulu,1281,1,1258
ID,,Gorontalo,1282,1,1259
ID,,Jakarta Raya,1284,1,1261
ID,,Jambi,1285,1,1262
IN,,Andhra Pradesh,1288,1,1288
IN,,Arunachal Pradesh,1289,1,1289
IN,,Assam,1290,1,1290
IN,,Bihar,1291,1,1291
IN,,Chhattisgarh,1293,1,1293
IQ,,Baghdad,1388,1,1387
IN,,Daman and Diu,1295,1,1295
HU,,Bacs-kiskun,1236,1,1234
HU,,Bekes,1238,1,1236
HU,,Csongrad,1240,1,1239
HU,,Fejer,1241,1,1240
HU,,Jasz-nagykun-szolnok,1245,1,1244
HU,,Komarom-esztergom,1246,1,1245
HU,,Nograd,1247,1,1246
HU,,Veszprem,1234,1,1252
ID,,West Java,1286,1,1263
ID,,Central Java,1254,1,1264
ID,,East Java,1272,1,1265
ID,,Central Kalimantan,1274,1,1268
ID,,East Kalimantan,1273,1,1269
ID,,Riau Islands,1269,1,1270
ID,,North Maluku,1261,1,1273
ID,,West Nusa Tenggara,1260,1,1274
ID,,West Sulawesi,1270,1,1278
ID,,East Nusa Tenggara,1264,1,1275
ID,,Southeast Sulawesi,1262,1,1281
ID,,West Sumatra,1258,1,1283
ID,,South Sumatra,1257,1,1284
IL,,Southern,1410,1,1405
IL,,Central,1406,1,1407
IL,,Northern,1407,1,1408
IT,,Sicilia,1413,1,1425
AR,,Mendoza,100,1,111
IN,,Delhi,1296,1,1296
IN,,Gujarat,1298,1,1298
IN,,Haryana,1299,1,1299
IN,,Jharkhand,1302,1,1302
IN,,Karnataka,1303,1,1303
IN,,Kerala,1304,1,1304
IN,,Madhya Pradesh,1306,1,1306
IN,,Maharashtra,1307,1,1307
IN,,Meghalaya,1309,1,1309
IN,,Mizoram,1310,1,1310
IN,,Orissa,1312,1,1312
IN,,Puducherry,1313,1,1313
IN,,Punjab,1314,1,1314
IN,,Sikkim,1316,1,1316
GY,,Essequibo Islands-West Demerara,1158,1,1161
GY,,Barima-Waini,1159,1,1157
GY,,Cuyuni-Mazaruni,1160,1,1158
GY,,Mahaica-Berbice,1162,1,1162
GY,,Pomeroon-Supenaam,1163,1,1163
GY,,Potaro-Siparuni,1164,1,1164
GY,,Upper Takutu-Upper Essequibo,1166,1,1166
HN,,Choluteca,1186,1,1186
HN,,Comayagua,1188,1,1188
HN,,La Paz,1196,1,1196
HN,,Copan,1189,1,1189
HN,,Intibuca,1194,1,1194
HN,,Islas de la Bahia,1195,1,1195
AE,,Quwain,95,1,98
AR,,Salta,107,1,115
HT,,Ouest,1231,1,1231
HN,,Olancho,1199,1,1199
HN,,Valle,1201,1,1201
GH,,Ashanti,1046,1,1046
GH,,Central,1048,1,1048
GH,,Eastern,1049,1,1049
GH,,Northern,1051,1,1051
GH,,Upper East,1052,1,1052
GH,,Volta,1054,1,1054
GH,,Western,1055,1,1055
GM,,Banjul,1068,1,1068
GM,,Lower River,1069,1,1069
GM,,North Bank,1071,1,1071
GM,,Upper River,1072,1,1072
GW,,Biombo,1075,1,1075
GW,,Bissau,1076,1,1076
GW,,Cacheu,1078,1,1078
GW,,Quinara,1081,1,1081
GW,,Tombali,1082,1,1082
GQ,,Centro Sur,1084,1,1086
GQ,,Litoral,1085,1,1088
GQ,,Bioko Norte,1088,1,1084
GQ,,Bioko Sur,1089,1,1085
AZ,,Agsu,226,1,176
HR,,Dubrovnik-Neretva,1210,1,1205
HR,,Zagreb City,1208,1,1206
HR,,Istria,1223,1,1207
HR,,Karlovac,1211,1,1208
HR,,Krapina-Zagorje,1214,1,1210
HR,,Lika-Senj,1215,1,1211
HR,,Medimurje,1212,1,1212
HR,,Osijek-Baranja,1216,1,1213
HR,,Primorje-Gorski kotar,1203,1,1215
HR,,Sisak-Moslavina,1206,1,1217
HR,,Split-Dalmatia,1207,1,1218
HR,,Vukovar-Sirmium,1219,1,1221
HR,,Zadar,1220,1,1222
HR,,Zagreb,1221,1,1223
GQ,,Wele-Nzas,1086,1,1089
GE,,Autonomous Republic of Adjara,1044,1,1035
GH,,Brong-Ahafo,1047,1,1047
GW,,Bafata,1074,1,1074
GW,,Gabu,1079,1,1079
HN,,Santa Barbara,1200,1,1200
AR,,Santa Cruz,110,1,118
AR,,Catamarca,114,1,100
GD,,Saint David,1104,1,1106
GD,,Saint Patrick,1105,1,1110
GD,,Carriacou,1106,1,1104
GD,,Saint Mark,1107,1,1109
GD,,Saint John,1109,1,1108
GD,,Saint George,1110,1,1107
GL,,Avannaa,1111,1,1111
GL,,Tunu,1113,1,1113
GT,,Alta Verapaz,1114,1,1114
GT,,El Progreso,1118,1,1118
GT,,Escuintla,1119,1,1119
GT,,Guatemala,1120,1,1120
GT,,Izabal,1122,1,1122
GT,,Jalapa,1123,1,1123
GT,,Jutiapa,1124,1,1124
GT,,Retalhuleu,1128,1,1128
GT,,Santa Rosa,1131,1,1131
GT,,Zacapa,1135,1,1135
ET,,Addis Ababa,968,1,968
ET,,Afar,969,1,969
ET,,Dire Dawa,972,1,972
ET,,Harari People,974,1,974
ET,,Oromia,975,1,975
ET,,Somali,976,1,976
ET,,Tigray,978,1,978
FJ,,Central,984,1,984
FJ,,Western,985,1,988
FJ,,Eastern,988,1,985
FR,,Alsace,989,1,989
FR,,Languedoc-Roussillon,991,1,1001
EE,,Ida-Virumaa,966,1,955
EE,,Jarvamaa,960,1,957
EE,,Laanemaa,961,1,958
EE,,Parnumaa,954,1,961
EE,,Polvamaa,963,1,960
EE,,Raplamaa,953,1,962
EE,,Tartumaa,958,1,964
EE,,Vorumaa,955,1,967
EE,,Valgamaa,957,1,965
FR,,Ile-de-France,992,1,1000
FR,,Lower Normandy,993,1,992
GT,,Peten,1125,1,1125
GT,,Quiche,1127,1,1127
GT,,Sacatepequez,1129,1,1129
GT,,Solola,1132,1,1132
GT,,Suchitepequez,1133,1,1133
ES,,Basque Country,952,1,950
AR,,La Rioja,118,1,110
AR,,Santiago del Estero,120,1,120
FR,,Aquitaine,995,1,990
FR,,Champagne-Ardenne,999,1,996
FR,,Poitou-Charentes,1002,1,1008
FR,,Picardie,1003,1,1007
FR,,Pays de la Loire,1004,1,1006
FR,,Nord-Pas-de-Calais,1005,1,1005
FR,,Lorraine,1007,1,1003
FR,,Centre,1008,1,995
FR,,Limousin,1009,1,1002
FM,,Yap,1017,1,1020
FM,,Pohnpei,1018,1,1019
GA,,Wouleu-Ntem,1024,1,1029
GA,,Nyanga,1026,1,1025
GA,,Estuaire,1029,1,1021
GB,,Wales,1030,1,1033
GB,,Scotland,1031,1,1032
GE,,Guria,1034,1,1036
GE,,Shida Kartli,1036,1,1044
GE,,Samegrelo-Zemo Svaneti,1037,1,1042
GE,,Mtskheta-Mtianeti,1039,1,1040
GE,,Kvemo Kartli,1040,1,1039
GE,,Kakheti,1041,1,1038
GE,,Imereti,1042,1,1037
GE,,Tbilisi,1043,1,1045
DZ,,Mostaganem,855,1,858
DZ,,Illizi,857,1,851
DZ,,Guelma,858,1,850
DZ,,Blida,860,1,839
DZ,,Biskra,861,1,838
DZ,,Adrar,869,1,830
DZ,,El Tarf,870,1,848
DZ,,Mila,871,1,857
DZ,,Tiaret,872,1,872
DZ,,Mascara,875,1,855
DZ,,Laghouat,877,1,854
EC,,Azuay,878,1,878
EC,,Bolivar,879,1,879
EC,,Carchi,881,1,881
EC,,Chimborazo,882,1,882
EC,,El Oro,884,1,884
EC,,Esmeraldas,885,1,885
EC,,Imbabura,888,1,888
EC,,Loja,889,1,889
EC,,Manabi,891,1,891
DZ,,Bejaia,862,1,837
DZ,,Medea,874,1,856
FR,,Brittany,1010,1,994
FR,,Corsica,998,1,997
FR,,Upper Normandy,996,1,999
FR,,Rhone-Alpes,1000,1,1010
GA,,Haut-Ogooue,1028,1,1022
GA,,Ogooue-Ivindo,1022,1,1026
GA,,Ogooue-Maritime,1025,1,1028
AM,,Tavush,133,1,133
EC,,Morona Santiago,892,1,892
EC,,Orellana,893,1,893
EC,,Pichincha,895,1,895
EC,,Sucumbios,896,1,896
EC,,Zamora Chinchipe,898,1,898
EG,,Aswan,916,1,914
ER,,Anseba,925,1,925
ER,,Gash Barka,926,1,928
ES,,La Rioja,935,1,949
ES,,Castilla-La Mancha,939,1,939
ES,,Cantabria,941,1,937
ES,,Ceuta y Melilla,944,1,941
ES,,Galicia,949,1,946
DE,,Bremen,761,1,757
DE,,Berlin,763,1,755
DE,,Hamburg,764,1,758
DJ,,Ali Sabieh,769,1,769
DJ,,Dikhil,770,1,770
DJ,,Tadjourah,772,1,773
DJ,,Obock,773,1,772
DM,,Saint George,775,1,776
DM,,Saint Luke,776,1,779
DM,,Saint David,777,1,775
DM,,Saint Paul,781,1,782
DM,,Saint Peter,782,1,783
DM,,Saint Andrew,783,1,774
EG,,El Beheira,900,1,901
EG,,Gharbiya,905,1,903
EG,,Alexandria,906,1,904
EG,,Ismailia,907,1,905
EG,,Monofiya,909,1,907
EG,,Minya,910,1,908
EG,,Cairo,911,1,909
EG,,Qalioubiya,913,1,910
EG,,Suez,914,1,912
EG,,Asuit,917,1,915
EG,,Bani Suef,918,1,916
EG,,Port Said,919,1,917
EG,,South Sinai,921,1,919
EG,,Kafr el Sheikh,922,1,920
EG,,Qena,902,1,922
EG,,North Sinai,903,1,923
EG,,Sohag,923,1,924
ER,,South,929,1,926
ER,,Southern Red Sea,928,1,927
ER,,Central,930,1,929
DE,,Bavaria,766,1,754
DE,,Hesse,767,1,759
DE,,Mecklenburg-Western Pomerania,760,1,760
DE,,Thuringia,768,1,768
ES,,Aragon,943,1,936
ES,,Castilla y Leon,940,1,938
ES,,Navarra,946,1,943
ES,,Balearic Islands,937,1,947
ES,,Canary Islands,936,1,948
DO,,Azua,798,1,798
DO,,Bahoruco,799,1,799
DO,,Barahona,800,1,800
DO,,Distrito Nacional,802,1,802
DO,,Duarte,803,1,803
DO,,Hato Mayor,806,1,806
DO,,Independencia,807,1,807
DO,,La Romana,810,1,810
DO,,La Vega,811,1,811
DO,,Monte Cristi,814,1,814
DO,,Monte Plata,815,1,815
DO,,Pedernales,816,1,816
DO,,Puerto Plata,818,1,818
DO,,Salcedo,819,1,819
DO,,San Juan,823,1,823
DO,,Santiago,826,1,826
DO,,Valverde,829,1,829
DZ,,Skikda,830,1,868
DZ,,Khenchela,831,1,853
DZ,,Souk Ahras,832,1,869
DZ,,Tizi Ouzou,834,1,876
DZ,,Relizane,838,1,864
DZ,,Ouargla,840,1,862
DZ,,Oran,841,1,861
DZ,,Tlemcen,842,1,877
DZ,,Tamanghasset,843,1,870
DZ,,M'Sila,846,1,859
DZ,,El Oued,847,1,847
DZ,,El Bayadh,848,1,846
DZ,,Constantine,850,1,844
DZ,,Chlef,851,1,843
DZ,,Bouira,853,1,841
CO,,Guaviare,667,1,667
CO,,La Guajira,669,1,669
CO,,Magdalena,670,1,670
CO,,Meta,671,1,671
CO,,Norte de Santander,673,1,673
CO,,Putumayo,674,1,674
CO,,Risaralda,676,1,676
CO,,Santander,678,1,678
CO,,Sucre,679,1,679
CO,,Tolima,680,1,680
CO,,Valle del Cauca,681,1,681
DZ,,Sidi Bel Abbes,835,1,867
DO,,Monsenor Nouel,813,1,813
DO,,Sanchez Ramirez,825,1,825
DO,,Samana,820,1,820
DO,,San Jose de Ocoa,822,1,822
DO,,Santiago Rodriguez,827,1,827
CO,,Vichada,683,1,683
CV,,Santa Cruz,689,1,697
CV,,Praia,691,1,693
CV,,Tarrafal,697,1,703
CV,,Boa Vista,698,1,687
CV,,Brava,699,1,688
CV,,Maio,700,1,689
CV,,Porto Novo,703,1,692
CR,,Puntarenas,706,1,709
CR,,Alajuela,707,1,704
CR,,Cartago,709,1,705
CR,,Heredia,710,1,707
CU,,Granma,711,1,715
CU,,Cienfuegos,713,1,713
CU,,Matanzas,718,1,721
CU,,Las Tunas,719,1,720
CU,,Isla de la Juventud,721,1,718
CY,,Nicosia,733,1,737
CY,,Paphos,734,1,738
CY,,Larnaca,736,1,735
CY,,Kyrenia,737,1,734
CY,,Limassol,738,1,736
CZ,,Prague,750,1,749
DE,,Sachsen-Anhalt,754,1,766
DE,,Saarland,756,1,764
CN,,Anhui,572,1,571
CN,,Beijing,573,1,572
CN,,Chongqing,574,1,573
CN,,Gansu,576,1,575
CV,,Sao Miguel,692,1,700
CV,,Sao Nicolau,693,1,701
CV,,Sao Vicente,688,1,702
CL,,Valparaiso,571,1,570
CO,,Vaupes,682,1,682
CR,,Limon,705,1,708
CU,,Ciego de Avila,725,1,712
CU,,Guantanamo,723,1,716
CU,,Holguin,722,1,717
CU,,Pinar del Rio,717,1,722
CU,,Sancti Spiritus,716,1,723
CZ,,Ustecky,752,1,751
CZ,,South Bohemia,749,1,739
CZ,,South Moravia,740,1,740
CZ,,Karlovarsky,741,1,741
CZ,,Kralovehradecky,743,1,743
CZ,,Liberecky,744,1,744
CZ,,Moravia-Silesia,745,1,745
CZ,,Pardubicky,747,1,747
CZ,,Pilsen,748,1,748
DE,,Lower Saxony,759,1,761
DE,,Rhineland-Palatinate,757,1,763
DE,,Saxony,755,1,765
AG,,Saint Philip,149,1,150
AU,,Ashmore and Cartier Islands,152,1,151
CN,,Guangdong,577,1,576
CN,,Guangxi,578,1,577
CN,,Hainan,580,1,579
CN,,Hebei,581,1,580
CN,,Henan,583,1,582
CN,,Hubei,584,1,583
CN,,Hunan,585,1,584
CN,,Jiangxi,587,1,586
CN,,Jilin,588,1,587
CN,,Liaoning,589,1,588
CN,,Paracel Islands,592,1,591
CN,,Qinghai,593,1,592
CN,,Shandong,595,1,594
CN,,Shanghai,596,1,595
CN,,Sichuan,598,1,597
CN,,Tianjin,599,1,598
CN,,Yunnan,602,1,601
CN,,Zhejiang,603,1,602
CI,,Fromager,605,1,608
CI,,Haut-Sassandra,606,1,609
CI,,Savanes,612,1,616
CI,,Sud-Bandama,613,1,617
CI,,Worodougou,616,1,620
CI,,Zanzan,617,1,621
CI,,Bas-Sassandra,620,1,605
CI,,Bafing,621,1,604
CM,,Centre,624,1,624
CD,,Bandundu,633,1,633
CD,,Katanga,638,1,638
CD,,Orientale,641,1,641
CG,,Bouenza,643,1,642
CG,,Cuvette,644,1,643
CG,,Sangha,646,1,651
CG,,Pool,647,1,650
CG,,Plateaux,648,1,649
CG,,Niari,649,1,648
CG,,Kouilou,651,1,645
CO,,Amazonas,652,1,652
CO,,Casanare,660,1,660
CO,,Cesar,662,1,662
CM,,North,628,1,628
CM,,North-West,629,1,629
CM,,West,630,1,630
CM,,South,631,1,631
CO,,Atlantico,655,1,655
CO,,Bolivar,656,1,656
CO,,Boyaca,657,1,657
CO,,Caqueta,659,1,659
CO,,Choco,663,1,663
CI,,Agneby,622,1,603
CI,,Denguele,619,1,606
CI,,Moyen-Comoe,610,1,614
CI,,N'zi-Comoe,611,1,615
CI,,Vallee du Bandama,615,1,619
CD,,Kasai-Occidental,636,1,636
CD,,Kasai-Oriental,637,1,637
AU,,Northern Territory,156,1,155
SR,,Wanica,2730,1,2738
CO,,Cundinamarca,665,1,665
BT,,Samchi,479,1,484
BT,,Punakha,480,1,483
BT,,Paro,482,1,481
BT,,Gasa,487,1,476
BT,,Bumthang,491,1,472
BW,,Kgalagadi,492,1,494
BW,,Kweneng,497,1,496
BW,,Ghanzi,499,1,493
BW,,Central,500,1,492
,,Clipperton island,501,1,622
CF,,Basse-Kotto,503,1,503
CF,,Bangui,504,1,502
CF,,Ouaka,506,1,513
CF,,Haut-Mbomou,507,1,505
CF,,Vakaga,508,1,517
CF,,Ouham,511,1,514
CF,,Mbomou,513,1,509
CF,,Lobaye,514,1,507
CA,,New Brunswick,519,1,521
CA,,British Columbia,520,1,519
CA,,Alberta,521,1,518
CA,,Ontario,526,1,526
CA,,Nunavut,527,1,525
CA,,Nova Scotia,528,1,524
CA,,Northwest Territories,529,1,523
CA,,Manitoba,531,1,520
CH,,Bern,533,1,536
CH,,Jura,536,1,541
CH,,Glarus,538,1,539
CH,,Fribourg,539,1,537
CH,,Thurgau,543,1,551
CH,,Basel-Landschaft,545,1,534
CH,,Sankt Gallen,548,1,547
CH,,Schaffhausen,549,1,548
CH,,Uri,550,1,553
CH,,Valais,551,1,554
CH,,Schwyz,553,1,549
CH,,Vaud,554,1,555
CH,,Zug,555,1,556
CH,,Obwalden,557,1,546
CH,,Nidwalden,558,1,545
CL,,Antofagasta,560,1,559
BT,,Dagana,488,1,475
BT,,Haa,485,1,478
BT,,Lhuentse,484,1,479
BT,,Pemagatshel,481,1,482
BW,,North East,496,1,497
BW,,North West,495,1,498
BW,,South,494,1,500
CF,,Kemo,517,1,506
CF,,Nana-Grebizi,515,1,510
CF,,Nana-Mambere,516,1,511
CF,,Ouham-Pende,510,1,515
CO,,Guainia,666,1,666
CH,,Geneve,542,1,538
CH,,Luzern,532,1,543
CH,,Neuchatel,534,1,544
CH,,Zurich,547,1,557
AU,,Western Australia,161,1,161
AT,,Burgenland,165,1,162
TD,,Moyen-Chari,2810,1,2810
CL,,Atacama,562,1,561
BR,,Sao Paulo,454,1,454
CL,,Coquimbo,564,1,563
CL,,Los Lagos,566,1,565
CL,,Maule,568,1,567
BS,,East Grand Bahama,383,1,374
BS,,North Andros,384,1,386
BS,,Spanish Wells,386,1,394
BS,,West Grand Bahama,387,1,395
BS,,Long Island,388,1,380
BS,,Hope Town,390,1,378
BS,,Ragged Island,391,1,388
BS,,Rum Cay,393,1,389
BS,,Harbour Island,395,1,377
BY,,Minsk,402,1,402
BZ,,Belize,404,1,404
BZ,,Corozal,406,1,406
BZ,,Orange Walk,407,1,407
BZ,,Toledo,409,1,409
BO,,Chuquisaca,421,1,421
BO,,Cochabamba,422,1,422
BO,,Oruro,425,1,425
BO,,Pando,426,1,426
BO,,Santa Cruz,428,1,428
BO,,Tarija,429,1,429
BR,,Acre,430,1,430
BR,,Amazonas,433,1,433
BR,,Distrito Federal,436,1,436
BR,,Mato Grosso do Sul,441,1,441
BR,,Pará,443,1,443
BR,,Piauí,447,1,447
BR,,Rio Grande do Norte,449,1,449
BR,,Rio Grande do Sul,450,1,450
BR,,Rondônia,451,1,451
BR,,Sergipe,455,1,455
BY,,Brest,401,1,398
BY,,Gomel,399,1,399
BY,,Grodno,403,1,400
BY,,Mogilev,398,1,401
BA,,Bosniak/Croat Federation of Bosnia and Herzegovina,397,1,396
BR,,Amapa,432,1,432
BR,,Ceara,435,1,435
BR,,Parana,445,1,445
BR,,Pernambuco,446,1,446
CL,,Araucania,561,1,560
CL,,Tarapaca,570,1,569
BB,,Saint Lucy,457,1,463
BB,,Saint George,458,1,459
BB,,Saint Michael,460,1,464
BB,,Saint Joseph,461,1,462
BB,,Saint Andrew,463,1,458
BB,,Saint John,464,1,461
BB,,Saint Philip,465,1,466
BB,,Saint James,467,1,460
BN,,Temburong,468,1,470
BN,,Tutong,469,1,471
BN,,Belait,471,1,468
BT,,Thimphu,476,1,489
BD,,Chittagong,326,1,326
BD,,Dhaka,327,1,327
BD,,Khulna,328,1,328
BD,,Sylhet,330,1,330
BG,,Dobrich,331,1,333
BG,,Burgas,333,1,332
BG,,Razgrad,334,1,345
BG,,Gabrovo,335,1,334
BG,,Kyustendil,339,1,338
BG,,Vratsa,341,1,357
BG,,Vidin,342,1,356
BG,,Varna,344,1,354
BG,,Targovishte,345,1,353
BG,,Lovech,346,1,339
BG,,Montana,347,1,340
BG,,Sofia,349,1,351
BG,,Smolyan,350,1,350
BG,,Silistra,352,1,348
BG,,Pernik,356,1,342
BG,,Pleven,357,1,343
BH,,Southern,359,1,363
BH,,Capital,360,1,359
BH,,Northern,361,1,362
BH,,Central,363,1,360
BS,,North Abaco,364,1,385
BS,,San Salvador,366,1,390
BT,,Samdrupjongkhar,472,1,485
BT,,Zhemgang,473,1,486
BT,,Trashigang,475,1,488
BT,,Trongsa,477,1,490
BG,,Khaskovo,337,1,336
BG,,Kurdzhali,338,1,337
AZ,,Xocali,173,1,234
AZ,,Yardimli,174,1,236
BS,,Moore's Island,367,1,383
BS,,Grand Cay,368,1,376
BS,,South Abaco,370,1,391
BS,,City of Freeport,371,1,372
BS,,South Andros,373,1,392
BS,,Black Point,375,1,367
BS,,Cat Island,376,1,368
BS,,Central Andros,378,1,370
BS,,Central Eleuthera,379,1,371
BS,,Exuma,381,1,375
BS,,Mayaguana,382,1,382
AZ,,Imisli,232,1,196
AZ,,Agdam,233,1,173
AZ,,Zaqatala,236,1,238
AZ,,Yevlax,239,1,237
AZ,,Qobustan,240,1,211
BI,,Bubanza,241,1,241
BI,,Bujumbura Rural,243,1,243
BI,,Bururi,244,1,244
BI,,Cankuzo,245,1,245
BI,,Gitega,247,1,247
BI,,Karuzi,248,1,248
BI,,Kirundo,250,1,250
BI,,Makamba,251,1,251
BI,,Muramvya,252,1,252
BI,,Mwaro,254,1,254
BI,,Ngozi,255,1,255
BI,,Ruyigi,257,1,257
BJ,,Alibori,269,1,269
BJ,,Atakora,270,1,270
BJ,,Borgou,272,1,272
BJ,,Collines,273,1,273
BJ,,Donga,274,1,274
BJ,,Littoral,276,1,276
BJ,,Mono,277,1,277
BJ,,Plateau,279,1,279
BJ,,Zou,280,1,280
BS,,Bimini,374,1,366
AZ,,Haciqabul,178,1,195
AG,,Saint Peter,143,1,149
AG,,Saint Mary,144,1,147
AG,,Saint John,145,1,146
AG,,Saint George,146,1,145
AG,,Redonda,147,1,144
AG,,Barbuda,148,1,143
AG,,Saint Paul,150,1,148
AU,,Queensland,151,1,156
AU,,Australian Capital Territory,153,1,152
AU,,New South Wales,155,1,154
AU,,South Australia,157,1,157
AU,,Tasmania,158,1,158
AU,,Victoria,160,1,160
AT,,Vorarlberg,164,1,169
AT,,Salzburg,170,1,166
AZ,,Xizi,175,1,233
AZ,,Xanlar,176,1,232
AZ,,Goranboy,179,1,193
AZ,,Tovuz,184,1,229
AZ,,Quba,188,1,212
AZ,,Agdas,198,1,174
AZ,,Samux,202,1,220
AZ,,Agstafa,204,1,175
AZ,,Samaxi,206,1,219
AZ,,Salyan,208,1,218
AZ,,Sabirabad,209,1,216
AZ,,Ucar,215,1,230
AZ,,Saatli,218,1,215
AZ,,Qusar,219,1,214
AZ,,Qubadli,220,1,213
AZ,,Lerik,223,1,201
AT,,Lower Austria,167,1,164
AT,,Styria,162,1,167
AT,,Tyrol,163,1,168
AT,,Vienna,168,1,170
AZ,,Fuzuli,191,1,190
AZ,,Naxcivan Muxtar,180,1,204
AZ,,Sumqayit Sahari,171,1,226
AZ,,Xacmaz,177,1,231
AZ,,Susa,189,1,227
AZ,,Masalli,227,1,202
AZ,,Ismayilli,230,1,197
AO,,Cuanza Sul,39,1,39
AO,,Cunene,40,1,40
AO,,Huambo,41,1,41
AO,,Luanda,43,1,43
AO,,Lunda Norte,44,1,44
AO,,Malanje,46,1,46
AO,,Moxico,47,1,47
AO,,Namibe,48,1,48
AO,,Zaire,50,1,50
AL,,Fier,71,1,71
AD,,Encamp,79,1,81
AD,,Ordino,81,1,84
AD,,La Massana,83,1,83
AD,,Canillo,85,1,80
AE,,Sharjah,91,1,97
AE,,Abu Dhabi,96,1,91
AR,,Santa Fe,99,1,119
AR,,Misiones,101,1,112
AR,,Corrientes,104,1,105
AR,,San Juan,108,1,116
AR,,San Luis,109,1,117
AR,,Chubut,112,1,102
AR,,Chaco,113,1,101
AR,,Buenos Aires,115,1,99
AR,,Jujuy,116,1,108
AR,,La Pampa,117,1,109
AR,,Formosa,119,1,107
AR,,Tierra del Fuego,121,1,121
AL,,Durres,69,1,69
AL,,Korce,73,1,73
AL,,Lezhe,75,1,75
AL,,Shkoder,76,1,76
AL,,Vlore,78,1,78
AD,,Sant Julia de Loria,82,1,85
AR,,Cordoba,105,1,104
AR,,Buenos Aires Capital Federal,111,1,103
AR,,Neuquen,102,1,113
AR,,Rio Negro,106,1,114
AR,,Tucuman,122,1,122
AE,,'Ajman,97,1,92
AE,,Dubai,98,1,93
AE,,Al Fujayrah,92,1,94
AE,,Ra's al Khaymah,94,1,96
AZ,,Oguz,197,1,206
AM,,Ararat,124,1,124
AM,,Armavir,125,1,125
AM,,Gegharkunik,127,1,127
AM,,Kotayk,128,1,128
AM,,Lori,130,1,130
AM,,Shirak,131,1,131
AM,,Syunik,132,1,132
AM,,Vayots Dzor,134,1,134
VN,,Cao Bang,3826,1,
VN,,Da Nang,3827,1,
VN,,Dac Lak,3828,1,
VN,,Dac Nong,3829,1,
VN,,Dien Bien,3830,1,
VN,,Dong Nai,3831,1,
VN,,Gia Lai,3833,1,
VN,,Ha Giang,3834,1,
VN,,Ha Nam,3835,1,
VN,,Ha Noi,3836,1,
VN,,Ha Tinh,3837,1,
VN,,Hai Duong,3838,1,
VN,,Hai Phong,3839,1,
VN,,Hau Giang,3840,1,
VN,,Soc Trang,3863,1,
VN,,Tay Ninh,3865,1,
VN,,Thai Binh,3866,1,
VN,,Thai Nguyen,3867,1,
VN,,Thanh Hoa,3868,1,
VN,,Thua Thien-Hue,3869,1,
VN,,Tien Giang,3870,1,
VN,,Tra Vinh,3871,1,
VN,,Tuyen Quang,3872,1,
VN,,Vinh Long,3873,1,
VN,,Vinh Phuc,3874,1,
VN,,Yen Bai,3875,1,
CM,,Est,625,1,625
JP,,Mie,1472,1,1479
VE,,Lara,3269,1,3275
AF,,Badakhshan,1,1,1
AF,,Badghis,2,1,2
AF,,Balkh,4,1,4
AF,,Bamyan,5,1,5
AF,,Farah,6,1,6
AF,,Ghazni,8,1,8
AF,,Ghor,9,1,9
AF,,Kabul,13,1,13
AF,,Kapisa,15,1,15
AF,,Khost,16,1,16
VN,,Ho Chi Minh City,3841,1,
AF,,Kunduz,18,1,18
AF,,Laghman,19,1,19
AF,,Logar,20,1,20
AF,,Nimroz,22,1,22
AF,,Nuristan,23,1,23
AF,,Parwan,26,1,26
AF,,Takhar,29,1,29
AF,,Uruzgan,30,1,30
AF,,Zabul,32,1,32
AO,,Bengo,33,1,33
AO,,Cabinda,36,1,36
AO,,Cuanza Norte,38,1,38
TD,,Barh el Ghazel,3774,1,
TD,,Borkou,3775,1,
TD,,Ennedi,3776,1,
TD,,Sila,3777,1,
TD,,Tandjile,3778,1,
TD,,Tibesti,3779,1,
TH,,Bangkok,3780,1,
TH,,Buriram,3781,1,
TH,,Nong Bua Lamphu,3782,1,
TH,,Sara Buri,3783,1,
TH,,Sisaket,3784,1,
TZ,,Dar es Salaam,3785,1,
TZ,,Pemba North,3786,1,
TZ,,Pemba South,3787,1,
TZ,,Zanzibar Central/South,3788,1,
TZ,,Zanzibar North,3789,1,
TZ,,Zanzibar Urban/West,3790,1,
UG,,Abim,3791,1,
UG,,Amolatar,3792,1,
UG,,Amuria,3793,1,
UG,,Amuru,3794,1,
UG,,Budaka,3795,1,
UG,,Bududa,3796,1,
UG,,Bukedea,3797,1,
UG,,Bukwa,3798,1,
UG,,Bulisa,3799,1,
UG,,Dokolo,3801,1,
UG,,Ibanda,3802,1,
UG,,Kaabong,3803,1,
UG,,Kaliro,3804,1,
UG,,Kiruhara,3805,1,
UG,,Koboko,3806,1,
UG,,Maracha,3809,1,
UG,,Mityana,3810,1,
UG,,Nakaseke,3811,1,
UG,,Namutumba,3812,1,
UG,,Oyam,3813,1,
VN,,Ba Ria-Vung Tau,3814,1,
VN,,Bac Giang,3815,1,
VN,,Bac Kan,3816,1,
VN,,Bac Lieu,3817,1,
VN,,Bac Ninh,3818,1,
VN,,Ben Tre,3819,1,
VN,,Binh Dinh,3820,1,
VN,,Binh Duong,3821,1,
VN,,Binh Phuoc,3822,1,
VN,,Binh Thuan,3823,1,
VN,,Ca Mau,3824,1,
VN,,Can Tho,3825,1,
PK,,Islamabad Capital Territory,3717,1,
SS,,Warrap,3758,1,
RO,,Ilfov,3734,1,
SD,,El Gezira,3745,1,
SD,,Northern Darfur,3750,1,
SD,,Northern Kordofan,3751,1,
SD,,Red Sea,3752,1,
SD,,River Nile,3753,1,
RO,,Dimbovita,3730,1,
RO,,Vilcea,3738,1,
SD,,Sinnar,3754,1,
SD,,Western Darfur,3760,1,
SN,,Kaffrine,3762,1,
SN,,Thies,3765,1,
SB,,Central,3766,1,
KH,,Pailin,3662,1,
KH,,Preah Vihear,3664,1,
KH,,Prey Veng,3665,1,
KH,,Pursat,3666,1,
KH,,Siem Reap,3668,1,
KH,,Stung Treng,3669,1,
KH,,Takeo,3670,1,
LA,,Salavan,3672,1,
LA,,Xiangnabouli,3674,1,
LR,,Gbarpolu,3681,1,
LR,,Grand Bassa,3682,1,
LR,,Grand Gedeh,3683,1,
LR,,Grand Kru,3684,1,
MG,,Toliara,3696,1,
HN,,Lempira,1197,1,1197
KH,,Ratanak Kiri,3667,1,
LA,,Viangchan,3673,1,
LB,,Liban-Nord,3677,1,
LB,,Liban-Sud,3678,1,
LB,,Mont-Liban,3679,1,
LB,,Nabatiye,3680,1,
LT,,Telsiu,3695,1,
ME,,Kolasin,3698,1,
ME,,Pluzine,3700,1,
SN,,Kedougou,3763,1,
SN,,Sedhiou,3764,1,
LK,,Central,3685,1,
LK,,Eastern,3686,1,
LK,,North Central,3687,1,
LK,,North Western,3688,1,
LK,,Northern,3689,1,
LK,,Sabaragamuwa,3690,1,
LK,,Southern,3691,1,
LK,,Uva,3692,1,
LK,,Western,3693,1,
MZ,,Cidade de Maputo,3704,1,
MR,,Hodh El Gharbi,3708,1,
NO,,Ostfold,3713,1,
CD,,Equateur,3612,1,
CD,,Kinshasa,3615,1,
CD,,Maniema,3616,1,
CD,,Nord-Kivu,3617,1,
CD,,Sud-Kivu,3618,1,
CO,,Arauca,3619,1,
CO,,Bogota,3620,1,
DO,,El Seibo,3623,1,
DO,,Elias Pina,3624,1,
DO,,La Altagarcia,3625,1,
EC,,Canar,3627,1,
EC,,Galapagos,3628,1,
EC,,Napo,3630,1,
EC,,Santa Elena,3631,1,
GM,,Central River,3640,1,
BD,,Rangpur,3598,1,
GT,,Quetzaltenango,3642,1,
HN,,Cortes,3643,1,
IN,,Andaman and Nicobar Islands,3646,1,
IN,,Uttarakhand,3647,1,
KE,,North Eastern,3648,1,
HR,,Pozega-Slavonia,3644,1,
EC,,Santo Domingo,3632,1,
ET,,Binshangul Gumuz,3634,1,
MW,,Northern Region,3710,1,
MW,,Southern Region,3711,1,
ME,,Savnik,3702,1,
ME,,Rozaje,3701,1,
NE,,Tillaberi,3712,1,
KH,,Banteay Meanchey,3649,1,
KH,,Battambang,3650,1,
KH,,Kampong Cham,3651,1,
KH,,Kampong Chhnang,3652,1,
KH,,Kampong Speu,3653,1,
KH,,Kampong Thom,3654,1,
KH,,Kratie,3659,1,
KH,,Mondol Kiri,3660,1,
TZ,,Mtwara,3067,1,3067
AM,,Yerevan,3567,1,
AZ,,Beylaqan,3573,1,
AZ,,Bilasuvar,3574,1,
AZ,,Calilabad,3576,1,
AZ,,Daskasan,3578,1,
AZ,,Gadabay,3579,1,
AZ,,Kalbacar,3581,1,
AZ,,Lankaran,3583,1,
AZ,,Qabala,3585,1,
AZ,,Saki,3587,1,
AZ,,Samkir,3588,1,
AZ,,Siyazan,3590,1,
AZ,,Tartar,3591,1,
AZ,,Xocavand,3592,1,
AZ,,Zangilan,3593,1,
AZ,,Zarab,3594,1,
AZ,,Balakan,3572,1,
AZ,,Barda,3570,1,
AZ,,Davaci,3577,1,
AZ,,Ganca Sahari,3580,1,
AZ,,Kurdamir,3582,1,
AZ,,Mingacevir Sahari,3584,1,
KH,,Koh Kong,3657,1,
KH,,Otdar Meanchey,3661,1,
EE,,Saaremaa,959,1,963
BO,,Beni,3600,1,
CL,,Los Rios,3605,1,
CN,,Ningxia,3608,1,
CN,,Taiwan,3609,1,
AF,,Daykundi,3550,1,
AF,,Helmand,3551,1,
AF,,Herat,3552,1,
AF,,Jowzjan,3553,1,
VN,,Hoa Binh,3842,1,
VN,,Hung Yen,3843,1,
VN,,Khanh Hoa,3844,1,
VN,,Kien Giang,3845,1,
VN,,Kon Tum,3846,1,
VN,,Lai Chau,3847,1,
VN,,Lam Dong,3848,1,
VN,,Lang Son,3849,1,
VN,,Lao Cai,3850,1,
VN,,Long An,3851,1,
VN,,Nam Dinh,3852,1,
VN,,Nghe An,3853,1,
VN,,Ninh Binh,3854,1,
VN,,Ninh Thuan,3855,1,
VN,,Phu Tho,3856,1,
VN,,Phu Yen,3857,1,
VN,,Quang Binh,3858,1,
VN,,Quang Nam,3859,1,
VN,,Quang Ngai,3860,1,
VN,,Quang Ninh,3861,1,
VN,,Quang Tri,3862,1,
VN,,Son La,3864,1,
ID,,Lampung,1268,1,1271
ID,,Aceh,1277,1,1254
IN,,Chandigarh,1292,1,1292
IN,,Dadra and Nagar Haveli,1294,1,1294
IN,,Himachal Pradesh,1300,1,1300
CL,,Biobio,3604,1,
HT,3379,Plaisance du Sud,3878,3,
ID,,West Papua,1283,1,1260
ID,,Bangka Belitung Islands,1279,1,1256
ID,,West Kalimantan,1271,1,1266
ID,,South Kalimantan,1276,1,1267
ID,,South Sulawesi,1275,1,1279
ID,,North Sumatra,1256,1,1285
ID,,Central Sulawesi,1263,1,1280
ID,,North Sulawesi,1259,1,1282
IN,,Lakshadweep,1305,1,1305
IN,,Manipur,1308,1,1308
IN,,Nagaland,1311,1,1311
IN,,Rajasthan,1315,1,1315
IN,,Uttar Pradesh,1319,1,1319
GB,,Northern Ireland,1032,1,1031
GB,,England,1033,1,1030
GE,,Samtskhe-Javakheti,1035,1,1043
GH,,Greater Accra,1050,1,1050
GH,,Upper West,1053,1,1053
GM,,Western,1073,1,1073
GW,,Bolama,1077,1,1077
GW,,Oio,1080,1,1080
GD,,Saint Andrew,1108,1,1105
GL,,Kitaa,1112,1,1112
GT,,Baja Verapaz,1115,1,1115
GT,,Chimaltenango,1116,1,1116
GT,,Chiquimula,1117,1,1117
GT,,Huehuetenango,1121,1,1121
GT,,San Marcos,1130,1,1130
GY,,East Berbice-Corentyne,1157,1,1160
GY,,Demerara-Mahaica,1161,1,1159
GY,,Upper Demerara-Berbice,1165,1,1165
HN,,Gracias a Dios,1193,1,1193
GQ,,Kie-Ntem,1083,1,1087
GA,,Moyen-Ogooue,1027,1,1023
GA,,Ngounie,1021,1,1024
GA,,Ogooue-Lolo,1023,1,1027
AZ,,Qazax,207,1,209
GE,,Autonomous Republic of Abkhazia,1045,1,1034
GE,,Racha-Lechkhumi,1038,1,1041
GT,,Totonicapan,1134,1,1134
HN,,Colon,1187,1,1187
HN,,El Paraiso,1191,1,1191
HN,,Ocotepeque,1198,1,1198
HN,,Yoro,1202,1,1202
HT,,Nord-Est,1229,1,1229
HT,,Sud-Est,1233,1,1233
HU,,Budapest,1235,1,1238
HU,,Pest,1248,1,1247
DM,,Saint Mark,780,1,780
DO,,Espaillat,805,1,805
DO,,Peravia,817,1,817
DO,,Santo Domingo,828,1,828
DZ,,Tissemsilt,833,1,875
DZ,,Oum el Bouaghi,839,1,863
DZ,,Djelfa,849,1,845
DZ,,Jijel,856,1,852
DZ,,Batna,864,1,835
DZ,,Annaba,865,1,834
DZ,,Tindouf,873,1,873
DZ,,Tipaza,876,1,874
EC,,Cotopaxi,883,1,883
EC,,Guayas,887,1,887
EC,,Los Rios,890,1,890
EC,,Pastaza,894,1,894
EC,,Tungurahua,897,1,897
FM,,Kosrae,1019,1,1018
ES,,Extremadura,948,1,945
DZ,,Bechar,863,1,836
DZ,,Boumerdes,852,1,842
DZ,,Ghardaia,859,1,849
DZ,,Naama,845,1,860
DZ,,Saida,837,1,865
HR,,Bjelovar-Bilogora,1222,1,1203
HR,,Slavonski Brod-Posavina,1209,1,1204
HR,,Koprivnica-Krizevci,1213,1,1209
HR,,Varazdin,1205,1,1219
HR,,Virovitica-Podravina,1218,1,1220
DO,,Dajabon,801,1,801
DO,,Maria Trinidad Sanchez,812,1,812
DO,,San Cristobal,821,1,821
DO,,San Pedro de Macoris,824,1,824
EG,,Daqahliya,924,1,899
EG,,Fayyoum,904,1,902
EG,,Giza,908,1,906
EG,,New Valley,912,1,911
EG,,Sharqiya,915,1,913
EG,,Damietta,920,1,918
EG,,Matroh,901,1,921
ER,,Northern Red Sea,927,1,930
EE,,Viljandimaa,956,1,966
HU,,Borsod-abauj-zemplen,1239,1,1237
HU,,Hajdu-bihar,1243,1,1242
HU,,Szabolcs-szatmar-bereg,1250,1,1249
MW,,Central Region,3709,1,
ES,,Andalucia,942,1,935
ES,,Catalonia,938,1,940
ES,,Madrid,945,1,942
ES,,Valencian Community,947,1,944
ES,,Murcia,950,1,952
ET,,Amhara,970,1,970
ET,,Gambela Peoples,973,1,973
CN,,Xekong,600,1,599
FJ,,Northern,987,1,986
FR,,Auvergne,994,1,991
CH,,Aargau,540,1,531
CH,,Ticino,544,1,552
CH,,Basel-Stadt,552,1,535
CH,,Solothurn,556,1,550
CL,,Libertador General Bernardo O'Higgins,565,1,564
CN,,Guizhou,579,1,578
CN,,Heilongjiang,582,1,581
CN,,Jiangsu,586,1,585
CN,,Shaanxi,594,1,593
CN,,Shanxi,597,1,596
CI,,Lacs,607,1,610
CI,,Lagunes,608,1,611
CI,,Moyen-Cavally,609,1,613
CI,,Dix-Huit Montagnes,618,1,607
CM,,Adamaoua,623,1,623
CM,,Littoral,627,1,627
AZ,,Cabrayil,210,1,184
BE,,Brussels-Capital Region,264,1,259
BE,,Wallonia,260,1,267
BJ,,Oueme,278,1,278
CL,,Region Metropolitana de Santiago,569,1,568
AZ,,Abseron,221,1,171
AZ,,Astara,231,1,177
AZ,,Qax,235,1,208
BI,,Bujumbura Mairie,242,1,242
BI,,Cibitoke,246,1,246
BI,,Kayanza,249,1,249
BI,,Muyinga,253,1,253
BI,,Rutana,256,1,256
BJ,,Atlantique,271,1,271
BJ,,Kouffo,275,1,275
CN,,Inner Mongolia,590,1,589
CI,,Marahoue,604,1,612
CI,,Sud-Comoe,614,1,618
EE,,Jogevamaa,967,1,956
EE,,Laane-Virumaa,962,1,959
FR,,Burgundy,990,1,993
FR,,Franche-Comte,997,1,998
FR,,Midi-Pyrenees,1006,1,1004
FR,,Provence-Alpes-Cote d'Azur,1001,1,1009
CH,,Appenzell Inner-Rhoden,546,1,533
BT,,Sarpang,486,1,477
BD,,Barisal,325,1,325
BD,,Rajshahi,329,1,329
BG,,Blagoevgrad,332,1,331
BG,,Yambol,340,1,358
BG,,Veliko Tarnovo,343,1,355
BG,,Stara Zagora,348,1,352
BG,,Sliven,351,1,349
BG,,Shumen,353,1,347
BG,,Ruse,354,1,346
BG,,Pazardzhik,355,1,341
BG,,Plovdiv,358,1,344
BH,,Muharraq,362,1,361
BS,,North Eleuthera,369,1,387
BS,,Berry Islands,372,1,365
BS,,Central Abaco,377,1,369
BS,,South Eleuthera,380,1,393
BS,,Mangrove Cay,385,1,381
BS,,Inagua,389,1,379
BY,,Vitsyebsk,400,1,403
BZ,,Cayo,405,1,405
BZ,,Stann Creek,408,1,408
BO,,La Paz,424,1,424
BR,,Alagoas,431,1,431
BR,,Bahia,434,1,434
BR,,Tocantins,456,1,456
BB,,Saint Peter,459,1,465
BB,,Saint Thomas,462,1,467
BB,,Christ Church,466,1,457
BT,,Chhukha,490,1,473
BW,,Kgatleng,498,1,495
CF,,Haute-Kotto,502,1,504
CF,,Bamingui-Bangoran,505,1,501
CA,,Saskatchewan,523,1,529
CA,,Prince Edward Island,525,1,527
CA,,Newfoundland and Labrador,530,1,522
BT,,Monggar,483,1,480
BT,,Trashiyangtse,474,1,487
BT,,Wangdue,478,1,491
BO,,Potosi,427,1,427
BA,,Bosnian Serb-led Republika Srpska,396,1,397
BW,,South East,493,1,499
BR,,Espirito Santo,437,1,437
BR,,Goias,438,1,438
BR,,Maranhao,439,1,439
BR,,Mato Grosso,440,1,440
BR,,Paraiba,444,1,444
BR,,Rio de Janeiro,448,1,448
BR,,Roraima,452,1,452
BN,,Brunei-Muara,470,1,469
BG,,Sofia City,336,1,335
CM,,South West,632,1,632
CA,,Quebec,524,1,528
CA,,Yukon Territory,522,1,530
CF,,Mambere-Kadei,512,1,508
CF,,Ombella-Mpoko,518,1,512
CF,,Sangha-Mbaere,509,1,516
CH,,Graubunden,537,1,540
AU,,Christmas Island,10000,1,
AU,,Cocos (Keeling) Islands,10001,1,
AU,,Norfolk Island,10002,1,
AZ,,Goycay,10003,1,
AZ,,Lacin,10004,1,
AZ,,Lankaran Sahari,10005,1,
AZ,,Naftalan Sahari,10006,1,
AZ,,Saki Sahari,10007,1,
AZ,,Susa Sahari,10008,1,
AZ,,Xankandi Sahari,10009,1,
AZ,,Yevlax Sahari,10010,1,
BA,,Brcko district,10011,1,
BW,,Chobe,10012,1,
BF,,Boucle du Mouhoun,10013,1,
BF,,Cascades,10014,1,
BF,,Centre,10015,1,
BF,,Centre-Est,10016,1,
BF,,Centre-Nord,10017,1,
BF,,Centre-Ouest,10018,1,
BF,,Centre-Sud,10019,1,
BF,,Est,10020,1,
BF,,Hauts-Bassins,10021,1,
BF,,Nord,10022,1,
BF,,Plateau Central,10023,1,
CD,,Bas-Congo,634,1,634
CG,,Cuvette-Ouest,645,1,644
CG,,Likouala,650,1,647
CO,,Antioquia,653,1,653
CO,,Caldas,658,1,658
CO,,Cauca,661,1,661
CO,,Huila,668,1,668
CV,,Ribeira Grande,694,1,694
CV,,Sal,695,1,695
CV,,Santa Catarina,696,1,696
CV,,Mosteiros,701,1,690
CR,,Guanacaste,708,1,706
CU,,Villa Clara,712,1,725
CU,,Santiago de Cuba,715,1,724
CU,,La Habana,720,1,719
CY,,Famagusta,735,1,733
DE,,Schleswig-Holstein,753,1,767
DE,,Brandenburg,762,1,756
DJ,,Djibouti,771,1,771
DM,,Saint John,774,1,777
DM,,Saint Joseph,778,1,778
DM,,Saint Patrick,779,1,781
BF,,Sahel,10024,1,
BF,,Sud-Ouest,10025,1,
CN,,Aksai Chin,10026,1,
CN,,Hong Kong,10027,1,
CV,,Sao Filipe,687,1,699
CO,,Cordoba,664,1,664
CO,,Narino,672,1,672
CO,,Quindio,675,1,675
CO,,San Andres y Providencia,677,1,677
CG,,Lekoumou,642,1,646
CR,,San Jose,704,1,710
CU,,Camaguey,724,1,711
CZ,,Vysocina,742,1,742
CZ,,Olomoucky,746,1,746
CZ,,Central Bohemia,739,1,750
CZ,,Zlinsky,751,1,752
DE,,Baden-Wurttemberg,765,1,753
DE,,North Rhine-Westphalia,758,1,762
CN,,Macau,10028,1,
KM,,Grande Comore,10029,1,
KM,,Anjouan,10030,1,
KM,,Domoni,10031,1,
KM,,Fomboni,10032,1,
KM,,Moheli,10033,1,
KM,,Moroni,10034,1,
KM,,Moutsamoudou,10035,1,
CG,,Brazzaville,10036,1,
CG,,Pointe-Noire,10037,1,
HR,,Artemisa,10038,1,
CU,,Mayabeque,10039,1,
DK,,Hovedstaden,10040,1,
DK,,Midtjylland,10041,1,
DK,,Nordjylland,10042,1,
DK,,Sjaelland,10043,1,
DK,,Syddanmark,10044,1,
DK,,Faroe Islands,10045,1,
DJ,,Arta,10046,1,
EG,,Luxor,10047,1,
FI,,Aland,10048,1,
FI,,South Karelia,10049,1,
FI,,South Ostrobothnia,10050,1,
FI,,South Savo,10051,1,
FI,,Kanta-Hame,10052,1,
FI,,Kainuu,10053,1,
FI,,Central Ostrobothnia,10054,1,
FI,,Central Finland,10055,1,
FI,,Kymenlaakso,10056,1,
FI,,Lappi,10057,1,
FI,,Paijat-Hame,10058,1,
FI,,Tampere,10059,1,
FI,,Ostrobothnia,10060,1,
FI,,North Karelia,10061,1,
FI,,North Ostrobothnia,10062,1,
FI,,North Savo,10063,1,
FI,,Satakunta,10064,1,
FI,,Newland,10065,1,
FI,,Southwest Finland,10066,1,
FR,,Guadeloupe,10067,1,
FR,,French Guiana,10068,1,
FR,,Reunion,10069,1,
FR,,Martinique,10070,1,
FR,,Mayotte,10071,1,
FR,,Bassas da India,10072,1,
FR,,French Polynesia,10073,1,
FR,,French Southern and Antarctic Lands,10074,1,
FR,,Glorioso Island,10075,1,
FR,,Juan de Nova Island,10076,1,
FR,,New Caledonia,10077,1,
FR,,Saint Pierre and Miquelon,10078,1,
FR,,Tromelin Island,10079,1,
FR,,Wallis and Futuna,10080,1,
FR,,Europa Island,10081,1,
GR,,Achaia,10082,1,
GR,,Aitolia kai Akarnania,10083,1,
GR,,Argolis,10084,1,
GR,,Arkadia,10085,1,
GR,,Arta,10086,1,
GR,,Attiki,10087,1,
GR,,Chalkidiki,10088,1,
GR,,Chania,10089,1,
GR,,Chios,10090,1,
GR,,Dodekanisos,10091,1,
GR,,Drama,10092,1,
GR,,Evros,10093,1,
GR,,Evrytania,10094,1,
GR,,Evvoia,10095,1,
GR,,Florina,10096,1,
GR,,Fokidos,10097,1,
GR,,Fthiotis,10098,1,
GR,,Grevena,10099,1,
GR,,Ileia,10100,1,
GR,,Imathia,10101,1,
GR,,Ioannina,10102,1,
GR,,Irakleion,10103,1,
GR,,Karditsa,10104,1,
GR,,Kastoria,10105,1,
GR,,Kavala,10106,1,
GR,,Kefallinia,10107,1,
GR,,Kerkyra,10108,1,
GR,,Kilkis,10109,1,
GR,,Korinthia,10110,1,
GR,,Kozani,10111,1,
GR,,Kyklades,10112,1,
GR,,Lakonia,10113,1,
GR,,Larisa,10114,1,
GR,,Lasithi,10115,1,
GR,,Lefkada,10116,1,
GR,,Lesvos,10117,1,
GR,,Magnisia,10118,1,
GR,,Messinia,10119,1,
GR,,Pella,10120,1,
GR,,Pieria,10121,1,
GR,,Preveza,10122,1,
GR,,Rethymnis,10123,1,
GR,,Rodopi,10124,1,
GR,,Samos,10125,1,
GR,,Serres,10126,1,
GR,,Thesprotia,10127,1,
GR,,Thessaloniki,10128,1,
GR,,Trikala,10129,1,
GR,,Voiotia,10130,1,
GR,,Xanthi,10131,1,
GR,,Zakynthos,10132,1,
GL,,Kujalleq,10133,1,
GL,,Qaasuitsup,10134,1,
GL,,Qeqqata,10135,1,
GL,,Sermersooq,10136,1,
GN,,Beyla,10137,1,
GN,,Boffa,10138,1,
GN,,Boke,10139,1,
GN,,Conakry,10140,1,
GN,,Coyah,10141,1,
GN,,Dabola,10142,1,
GN,,Dalaba,10143,1,
GN,,Dinguiraye,10144,1,
GN,,Dubreka,10145,1,
GN,,Faranah,10146,1,
GN,,Forecariah,10147,1,
GN,,Fria,10148,1,
GN,,Gaoual,10149,1,
GN,,Gueckedou,10150,1,
GN,,Kankan,10151,1,
GN,,Kerouane,10152,1,
GN,,Kindia,10153,1,
GN,,Kissidougou,10154,1,
GN,,Koubia,10155,1,
GN,,Koundara,10156,1,
GN,,Kouroussa,10157,1,
GN,,Labe,10158,1,
GN,,Lelouma,10159,1,
GN,,Lola,10160,1,
GN,,Macenta,10161,1,
GN,,Mali,10162,1,
GN,,Mamou,10163,1,
GN,,Mandiana,10164,1,
GN,,Nzerekore,10165,1,
GN,,Pita,10166,1,
GN,,Siguiri,10167,1,
GN,,Telimele,10168,1,
GN,,Tougue,10169,1,
GN,,Yomou,10170,1,
IR,,Alborz,10171,1,
IR,,Ardabil,10172,1,
IR,,Bushehr,10173,1,
IR,,Chahar Mahal va Bakhtiari,10174,1,
IR,,Azarbayjan-e Sharqi (East Azerbaijan),10175,1,
IR,,Esfahan,10176,1,
IR,,Fars,10177,1,
IR,,Qazvin,10178,1,
IR,,Qom,10179,1,
IR,,Gilan,10180,1,
IR,,Golestan,10181,1,
IR,,Hamadan,10182,1,
IR,,Hormozgan,10183,1,
IR,,Ilam,10184,1,
IR,,Kerman,10185,1,
IR,,Kermanshah,10186,1,
IR,,Khorasan-e Jonubi (South Khorasan),10187,1,
IR,,Khorasan-e Razavi (Razavi Khorasan),10188,1,
IR,,Khorasan-e Shomali (North Khorasan),10189,1,
IR,,Khuzestan,10190,1,
IR,,Kohgiluyeh va Bowyer Ahmad,10191,1,
IR,,Kordestan,10192,1,
IR,,Lorestan,10193,1,
IR,,Markazi,10194,1,
IR,,Mazandaran,10195,1,
IR,,Semnan,10196,1,
IR,,Sistan va Baluchestan,10197,1,
IR,,Azarbayjan-e Gharbi (West Azerbaijan),10198,1,
IR,,Tehran,10199,1,
IR,,Yazd,10200,1,
IR,,Zanjan,10201,1,
IE,,Carlow,10202,1,
IE,,Cavan,10203,1,
IE,,Clare,10204,1,
IE,,Cork,10205,1,
IE,,Donegal,10206,1,
IE,,Dublin*,10207,1,
IE,,Dun Laoghaire-Rathdown,10208,1,
IE,,Fingal,10209,1,
IE,,Galway,10210,1,
IE,,Galway*,10211,1,
IE,,Kerry,10212,1,
IE,,Kildare,10213,1,
IE,,Kilkenny,10214,1,
IE,,Laois,10215,1,
IE,,Leitrim,10216,1,
IE,,Limerick,10217,1,
IE,,Limerick*,10218,1,
IE,,Longford,10219,1,
IE,,Louth,10220,1,
IE,,Mayo,10221,1,
IE,,Meath,10222,1,
IE,,Monaghan,10223,1,
IE,,North Tipperary,10224,1,
IE,,Offaly,10225,1,
IE,,Roscommon,10226,1,
IE,,Sligo,10227,1,
IE,,South Dublin,10228,1,
IE,,South Tipperary,10229,1,
IE,,Waterford,10230,1,
IE,,Waterford*,10231,1,
IE,,Westmeath,10232,1,
IE,,Wexford,10233,1,
IE,,Wicklow,10234,1,
KP,,Yanggang,10235,1,
KP,,Nas?n-si,10236,1,
KW,,Mubarak al Kabir,10237,1,
KG,,Chuy,10238,1,
LV,,Adazu Novads,10239,1,
LV,,Aglonas Novads,10240,1,
LV,,Aizkraukles Novads,10241,1,
LV,,Aizputes Novads,10242,1,
LV,,Aknistes Novads,10243,1,
LV,,Alojas Novads,10244,1,
LV,,Alsungas Novads,10245,1,
LV,,Aluksnes Novads,10246,1,
LV,,Amatas Novads,10247,1,
LV,,Apes Novads,10248,1,
LV,,Auces Novads,10249,1,
LV,,Babites Novads,10250,1,
LV,,Baldones Novads,10251,1,
LV,,Baltinavas Novads,10252,1,
LV,,Balvu Novads,10253,1,
LV,,Bauskas Novads,10254,1,
LV,,Beverinas Novads,10255,1,
LV,,Brocenu Novads,10256,1,
LV,,Burtnieku Novads,10257,1,
LV,,Carnikavas Novads,10258,1,
LV,,Cesu Novads,10259,1,
LV,,Cesvaines Novads,10260,1,
LV,,Ciblas Novads,10261,1,
LV,,Dagdas Novads,10262,1,
LV,,Daugavpils Novads,10263,1,
LV,,Dobeles Novads,10264,1,
LV,,Dundagas Novads,10265,1,
LV,,Durbes Novads,10266,1,
LV,,Engures Novads,10267,1,
LV,,Erglu Novads,10268,1,
LV,,Garkalnes Novads,10269,1,
LV,,Grobinas Novads,10270,1,
LV,,Gulbenes Novads,10271,1,
LV,,Iecavas Novads,10272,1,
LV,,Ikskiles Novads,10273,1,
LV,,Ilukstes Novads,10274,1,
LV,,Incukalna Novads,10275,1,
LV,,Jaunjelgavas Novads,10276,1,
LV,,Jaunpiebalgas Novads,10277,1,
LV,,Jaunpils Novads,10278,1,
LV,,Jekabpils,10279,1,
LV,,Jekabpils Novads,10280,1,
LV,,Jelgavas Novads,10281,1,
LV,,Kandavas Novads,10282,1,
LV,,Karsavas Novads,10283,1,
LV,,Keguma Novads,10284,1,
LV,,Kekavas Novads,10285,1,
LV,,Kocenu Novads,10286,1,
LV,,Kokneses Novads,10287,1,
LV,,Kraslavas Novads,10288,1,
LV,,Krimuldas Novads,10289,1,
LV,,Krustpils Novads,10290,1,
LV,,Kuldigas Novads,10291,1,
LV,,Lielvardes Novads,10292,1,
LV,,Ligatnes Novads,10293,1,
LV,,Limbazu Novads,10294,1,
LV,,Livanu Novads,10295,1,
LV,,Lubanas Novads,10296,1,
LV,,Ludzas Novads,10297,1,
LV,,Madonas Novads,10298,1,
LV,,Malpils Novads,10299,1,
LV,,Marupes Novads,10300,1,
LV,,Mazsalacas Novads,10301,1,
LV,,Nauksenu Novads,10302,1,
LV,,Neretas Novads,10303,1,
LV,,Nicas Novads,10304,1,
LV,,Ogres Novads,10305,1,
LV,,Olaines Novads,10306,1,
LV,,Ozolnieku Novads,10307,1,
LV,,Pargaujas Novads,10308,1,
LV,,Pavilostas Novads,10309,1,
LV,,Plavinu Novads,10310,1,
LV,,Preilu Novads,10311,1,
LV,,Priekules Novads,10312,1,
LV,,Priekulu Novads,10313,1,
LV,,Raunas Novads,10314,1,
LV,,Rezeknes Novads,10315,1,
LV,,Riebinu Novads,10316,1,
LV,,Rojas Novads,10317,1,
LV,,Ropazu Novads,10318,1,
LV,,Rucavas Novads,10319,1,
LV,,Rugaju Novads,10320,1,
LV,,Rujienas Novads,10321,1,
LV,,Rundales Novads,10322,1,
LV,,Salacgrivas Novads,10323,1,
LV,,Salas Novads,10324,1,
LV,,Salaspils Novads,10325,1,
LV,,Saldus Novads,10326,1,
LV,,Saulkrastu Novads,10327,1,
LV,,Sejas Novads,10328,1,
LV,,Siguldas Novads,10329,1,
LV,,Skriveru Novads,10330,1,
LV,,Skrundas Novads,10331,1,
LV,,Smiltenes Novads,10332,1,
LV,,Stopinu Novads,10333,1,
LV,,Strencu Novads,10334,1,
LV,,Talsu Novads,10335,1,
LV,,Tervetes Novads,10336,1,
LV,,Tukuma Novads,10337,1,
LV,,Vainodes Novads,10338,1,
LV,,Valkas Novads,10339,1,
LV,,Valmiera,10340,1,
LV,,Varaklanu Novads,10342,1,
LV,,Varkavas Novads,10343,1,
LV,,Vecpiebalgas Novads,10344,1,
LV,,Vecumnieku Novads,10345,1,
LV,,Ventspils Novads,10346,1,
LV,,Viesites Novads,10347,1,
LV,,Vilakas Novads,10348,1,
LV,,Vilanu Novads,10349,1,
LV,,Zilupes Novads,10350,1,
LV,,Ventspils,10351,1,
LV,,Riga,10352,1,
LV,,Rezekne,10354,1,
LV,,Jelgava,10355,1,
LV,,Liepaja,10356,1,
LV,,Jurmala,10357,1,
LV,,Daugavpils,10358,1,
LY,,Al Jabal al Gharbi,10359,1,
MY,,Kuala Lumpur,10360,1,
MY,,Labuan,10361,1,
MY,,Putrajaya,10362,1,
MU,,Agalega Islands,10363,1,
MU,,Cargados Carajos Shoals,10364,1,
NL,,Aruba,10365,1,
NL,,Curacao,10366,1,
NL,,Netherlands Antilles,10367,1,
NL,,Sint Maarten,10368,1,
NZ,,Tasman,10369,1,
NZ,,Tokelau,10370,1,
NO,,Svalbard and Jan Mayen Islands,10371,1,
NO,,Bouvet Island,10372,1,
OM,,Al Buraymi,10373,1,
PW,,Angaur,10374,1,
PW,,Hatohobei,10375,1,
PW,,Sonsorol,10376,1,
PG,,National Capital,10860,1,
PH,,Autonomous region in Muslim Mindanao (ARMM),10377,1,
PH,,Cordillera Administrative region (CAR),10378,1,
PH,,National Capital Region (NCR),10379,1,
PH,,Region I (Ilocos region),10380,1,
PH,,Region II (Cagayan Valley),10381,1,
PH,,Region III (Central Luzon),10382,1,
PH,,Region IV-A (Calabarzon),10383,1,
PH,,Region IV-B (Mimaropa),10384,1,
PH,,Region IX (Zamboanga Peninsula),10385,1,
PH,,Region V (Bicol region),10386,1,
PH,,Region VI (Western Visayas),10387,1,
PH,,Region VII (Central Visayas),10388,1,
PH,,Region VIII (Eastern Visayas),10389,1,
PH,,Region X (Northern Mindanao),10390,1,
PH,,Region XI (Davao Region),10391,1,
PH,,Region XII (Soccsksargen),10392,1,
PH,,Region XIII (Caraga),10393,1,
QA,,Doha,10394,1,
QA,,Al Daayen,10395,1,
QA,,Al Khor,10396,1,
QA,,Al Wakra,10397,1,
QA,,Al Rayyan,10398,1,
QA,,Al Shamal,10399,1,
QA,,Umm Slal,10400,1,
RU,,Magadan Region,10401,1,
RU,,Moscow region,10402,1,
RU,,Trans-Baikal Territory,10403,1,
RW,,Eastern,10404,1,
RW,,Southern,10405,1,
RW,,Northern,10406,1,
RW,,Western,10407,1,
RW,,Kigali,10408,1,
RS,,Backa North,10409,1,
RS,,Backa South,10410,1,
RS,,Bor,10411,1,
RS,,Branicevo,10412,1,
RS,,Central Banat,10413,1,
RS,,Jablanica,10414,1,
RS,,Kolubara,10415,1,
RS,,Kosovo,10416,1,
RS,,Kosovska Mitrovica,10417,1,
RS,,Kosovska Pomoravlje,10418,1,
RS,,Macva,10419,1,
RS,,Morava,10420,1,
RS,,Nisava,10421,1,
RS,,North Banat,10422,1,
RS,,Pcinja,10423,1,
RS,,Pec,10424,1,
RS,,Pirot,10425,1,
RS,,Podunavlje,10426,1,
RS,,Pomoravlje,10427,1,
RS,,Prizren,10428,1,
RS,,Rasina,10429,1,
RS,,Raska,10430,1,
RS,,South Banat,10431,1,
RS,,Srem,10432,1,
RS,,Sumadija,10433,1,
RS,,Toplica,10434,1,
RS,,West Backa,10435,1,
RS,,Zajecar,10436,1,
RS,,Zlatibor,10437,1,
SI,,Ajdovscina,10438,1,
SI,,Apace,10439,1,
SI,,Beltinci,10440,1,
SI,,Benedikt,10441,1,
SI,,Bistrica ob Sotli,10442,1,
SI,,Bled,10443,1,
SI,,Bloke,10444,1,
SI,,Bohinj,10445,1,
SI,,Borovnica,10446,1,
SI,,Bovec,10447,1,
SI,,Braslovce,10448,1,
SI,,Brda,10449,1,
SI,,Brezice,10450,1,
SI,,Brezovica,10451,1,
SI,,Cankova,10452,1,
SI,,Celje,10453,1,
SI,,Cerklje na Gorenjskem,10454,1,
SI,,Cerknica,10455,1,
SI,,Cerkno,10456,1,
SI,,Cerkvenjak,10457,1,
SI,,Cirkulane,10458,1,
SI,,Crensovci,10459,1,
SI,,Crna na Koroskem,10460,1,
SI,,Crnomelj,10461,1,
SI,,Destrnik,10462,1,
SI,,Divaca,10463,1,
SI,,Dobje,10464,1,
SI,,Dobrepolje,10465,1,
SI,,Dobrna,10466,1,
SI,,Dobrova-Polhov Gradec,10467,1,
SI,,Dobrovnik/Dobronak,10468,1,
SI,,Dol pri Ljubljani,10469,1,
SI,,Dolenjske Toplice,10470,1,
SI,,Domzale,10471,1,
SI,,Dornava,10472,1,
SI,,Dravograd,10473,1,
SI,,Duplek,10474,1,
SI,,Gorenja Vas-Poljane,10475,1,
SI,,Gorisnica,10476,1,
SI,,Gorje,10477,1,
SI,,Gornja Radgona,10478,1,
SI,,Gornji Grad,10479,1,
SI,,Gornji Petrovci,10480,1,
SI,,Grad,10481,1,
SI,,Grosuplje,10482,1,
SI,,Hajdina,10483,1,
SI,,Hoce-Slivnica,10484,1,
SI,,Hodos,10485,1,
SI,,Horjul,10486,1,
SI,,Hrastnik,10487,1,
SI,,Hrpelje-Kozina,10488,1,
SI,,Idrija,10489,1,
SI,,Ig,10490,1,
SI,,Ilirska Bistrica,10491,1,
SI,,Ivancna Gorica,10492,1,
SI,,Izola/Isola,10493,1,
SI,,Jesenice,10494,1,
SI,,Jezersko,10495,1,
SI,,Jursinci,10496,1,
SI,,Kamnik,10497,1,
SI,,Kanal,10498,1,
SI,,Kidricevo,10499,1,
SI,,Kobarid,10500,1,
SI,,Kobilje,10501,1,
SI,,Kocevje,10502,1,
SI,,Komen,10503,1,
SI,,Komenda,10504,1,
SI,,Koper-Capodistria,10505,1,
SI,,Kosanjevica na Krki,10506,1,
SI,,Kostel,10507,1,
SI,,Kozje,10508,1,
SI,,Kranj,10509,1,
SI,,Kranjska Gora,10510,1,
SI,,Krizevci,10511,1,
SI,,Krsko,10512,1,
SI,,Kungota,10513,1,
SI,,Kuzma,10514,1,
SI,,Lasko,10515,1,
SI,,Lenart,10516,1,
SI,,Lendava/Lendva,10517,1,
SI,,Litija,10518,1,
SI,,Ljubljana,10519,1,
SI,,Ljubno,10520,1,
SI,,Ljutomer,10521,1,
SI,,Logatec,10522,1,
SI,,Log-Dragomer,10523,1,
SI,,Loska Dolina,10524,1,
SI,,Loski Potok,10525,1,
SI,,Lovrenc na Pohorju,10526,1,
SI,,Luce,10527,1,
SI,,Lukovica,10528,1,
SI,,Majsperk,10529,1,
SI,,Makole,10530,1,
SI,,Maribor,10531,1,
SI,,Markovci,10532,1,
SI,,Medvode,10533,1,
SI,,Menges,10534,1,
SI,,Metlika,10535,1,
SI,,Mezica,10536,1,
SI,,Miklavz na Dravskem Polju,10537,1,
SI,,Miren-Kostanjevica,10538,1,
SI,,Mirna Pec,10539,1,
SI,,Mislinja,10540,1,
SI,,Mokronog-Trebelno,10541,1,
SI,,Moravce,10542,1,
SI,,Moravske Toplice,10543,1,
SI,,Mozirje,10544,1,
SI,,Murska Sobota,10545,1,
SI,,Muta,10546,1,
SI,,Naklo,10547,1,
SI,,Nazarje,10548,1,
SI,,Nova Gorica,10549,1,
SI,,Novo Mesto,10550,1,
SI,,Odranci,10551,1,
SI,,Oplotnica,10552,1,
SI,,Ormoz,10553,1,
SI,,Osilnica,10554,1,
SI,,Pesnica,10555,1,
SI,,Piran/Pirano,10556,1,
SI,,Pivka,10557,1,
SI,,Podcetrtek,10558,1,
SI,,Podlehnik,10559,1,
SI,,Podvelka,10560,1,
SI,,Poljcane,10561,1,
SI,,Polzela,10562,1,
SI,,Postojna,10563,1,
SI,,Prebold,10564,1,
SI,,Preddvor,10565,1,
SI,,Prevalje,10566,1,
SI,,Ptuj,10567,1,
SI,,Puconci,10568,1,
SI,,Race-Fram,10569,1,
SI,,Radece,10570,1,
SI,,Radenci,10571,1,
SI,,Radlje ob Dravi,10572,1,
SI,,Radovljica,10573,1,
SI,,Ravne na Koroskem,10574,1,
SI,,Razkrizje,10575,1,
SI,,Recica ob Savinji,10576,1,
SI,,Rence-Vogrsko,10577,1,
SI,,Ribnica,10578,1,
SI,,Ribnica na Pohorju,10579,1,
SI,,Rogaska Slatina,10580,1,
SI,,Rogasovci,10581,1,
SI,,Rogatec,10582,1,
SI,,Ruse,10583,1,
SI,,Salovci,10584,1,
SI,,Selnica ob Dravi,10585,1,
SI,,Semic,10586,1,
SI,,Sempeter-Vrtojba,10587,1,
SI,,Sencur,10588,1,
SI,,Sentilj,10589,1,
SI,,Sentjernej,10590,1,
SI,,Sentjur,10591,1,
SI,,Sentrupert,10592,1,
SI,,Sevnica,10593,1,
SI,,Sezana,10594,1,
SI,,Skocjan,10595,1,
SI,,Skofja Loka,10596,1,
SI,,Skofljica,10597,1,
SI,,Slovenj Gradec,10598,1,
SI,,Slovenska Bistrica,10599,1,
SI,,Slovenske Konjice,10600,1,
SI,,Smarje pri Jelsah,10601,1,
SI,,Smarjeske Toplice,10602,1,
SI,,Smartno ob Paki,10603,1,
SI,,Smartno pri Litiji,10604,1,
SI,,Sodrazica,10605,1,
SI,,Solcava,10606,1,
SI,,Sostanj,10607,1,
SI,,Sredisce ob Dravi,10608,1,
SI,,Starse,10609,1,
SI,,Store,10610,1,
SI,,Straza,10611,1,
SI,,Sveta Ana,10612,1,
SI,,Sveta Trojica v Slovenskih Goricah,10613,1,
SI,,Sveti Andraz v Slovenskih Goricah,10614,1,
SI,,Sveti Jurij,10615,1,
SI,,Sveti Jurij v Slovenskih Goricah,10616,1,
SI,,Sveti Tomaz,10617,1,
SI,,Tabor,10618,1,
SI,,Tisina,10619,1,
SI,,Tolmin,10620,1,
SI,,Trbovlje,10621,1,
SI,,Trebnje,10622,1,
SI,,Trnovska Vas,10623,1,
SI,,Trzic,10624,1,
SI,,Trzin,10625,1,
SI,,Turnisce,10626,1,
SI,,Velenje,10627,1,
SI,,Velika Polana,10628,1,
SI,,Velike Lasce,10629,1,
SI,,Verzej,10630,1,
SI,,Videm,10631,1,
SI,,Vipava,10632,1,
SI,,Vitanje,10633,1,
SI,,Vodice,10634,1,
SI,,Vojnik,10635,1,
SI,,Vransko,10636,1,
SI,,Vrhnika,10637,1,
SI,,Vuzenica,10638,1,
SI,,Zagorje ob Savi,10639,1,
SI,,Zalec,10640,1,
SI,,Zavrc,10641,1,
SI,,Zelezniki,10642,1,
SI,,Zetale,10643,1,
SI,,Ziri,10644,1,
SI,,Zirovnica,10645,1,
SI,,Zrece,10646,1,
SI,,Zuzemberk,10647,1,
SB,,Honiara,10648,1,
SS,,Central Equatoria,10847,1,
SS,,Eastern Equatoria,10848,1,
SS,,Jonglei,10849,1,
SS,,Lakes,10850,1,
SS,,Northern Bahr El Ghazal,10851,1,
SS,,Unity,10852,1,
SS,,Upper Nile,10853,1,
SS,,Western Bahr El Ghazal,10855,1,
SS,,Western Equatoria,10856,1,
ES,,Ceuta,10649,1,
ES,,Melilla,10650,1,
SD,,White Nile,10651,1,
MK,,Aerodrom (Skopje),10652,1,
MK,,Aracinovo,10653,1,
MK,,Berovo,10654,1,
MK,,Bitola,10655,1,
MK,,Bogdanci,10656,1,
MK,,Bogovinje,10657,1,
MK,,Bosilovo,10658,1,
MK,,Brvenica,10659,1,
MK,,Butel (Skopje),10660,1,
MK,,Cair (Skopje),10661,1,
MK,,Caska,10662,1,
MK,,Centar (Skopje),10663,1,
MK,,Centar Zupa,10664,1,
MK,,Cesinovo,10665,1,
MK,,Cucer Sandevo,10666,1,
MK,,Debar,10667,1,
MK,,Debarca,10668,1,
MK,,Delcevo,10669,1,
MK,,Demir Hisar,10670,1,
MK,,Demir Kapija,10671,1,
MK,,Dojran,10672,1,
MK,,Dolneni,10673,1,
MK,,Dorce Petrov (Gjorce Petrov) (Skopje),10674,1,
MK,,Drugovo,10675,1,
MK,,Gazi Baba (Skopje),10676,1,
MK,,Gevgelija,10677,1,
MK,,Gostivar,10678,1,
MK,,Gradsko,10679,1,
MK,,Ilinden,10680,1,
MK,,Jegunovce,10681,1,
MK,,Karbinci,10682,1,
MK,,Karpos (Skopje),10683,1,
MK,,Kavadarci,10684,1,
MK,,Kicevo,10685,1,
MK,,Kisela Voda (Skopje),10686,1,
MK,,Kocani,10687,1,
MK,,Konce,10688,1,
MK,,Kratovo,10689,1,
MK,,Kriva Palanka,10690,1,
MK,,Krivogastani,10691,1,
MK,,Krusevo,10692,1,
MK,,Kumanovo,10693,1,
MK,,Lipkovo,10694,1,
MK,,Lozovo,10695,1,
MK,,Makedonska Kamenica,10696,1,
MK,,Makedonski Brod,10697,1,
MK,,Mavrovo i Rostusa,10698,1,
MK,,Mogila,10699,1,
MK,,Negotino,10700,1,
MK,,Novaci,10701,1,
MK,,Novo Selo,10702,1,
MK,,Ohrid,10703,1,
MK,,Oslomej,10704,1,
MK,,Pehcevo,10705,1,
MK,,Petrovec,10706,1,
MK,,Plasnica,10707,1,
MK,,Prilep,10708,1,
MK,,Probistip,10709,1,
MK,,Radovis,10710,1,
MK,,Rankovce,10711,1,
MK,,Resen,10712,1,
MK,,Rosoman,10713,1,
MK,,Saraj (Skopje),10714,1,
MK,,Sopiste,10715,1,
MK,,Staro Nagoricane,10716,1,
MK,,Stip,10717,1,
MK,,Struga,10718,1,
MK,,Strumica,10719,1,
MK,,Studenicani,10720,1,
MK,,Suto Orizari (Skopje),10721,1,
MK,,Sveti Nikole,10722,1,
MK,,Tearce,10723,1,
MK,,Tetovo,10724,1,
MK,,Valandovo,10725,1,
MK,,Vasilevo,10726,1,
MK,,Veles,10727,1,
MK,,Vevcani,10728,1,
MK,,Vinica,10729,1,
MK,,Vranestica,10730,1,
MK,,Vrapciste,10731,1,
MK,,Zajas,10732,1,
MK,,Zelenikovo,10733,1,
MK,,Zelino,10734,1,
MK,,Zrnovci,10735,1,
TT,,Chaguanas Borough,10736,1,
TT,,Arima Borough,10737,1,
TT,,Caroni,10738,1,
TT,,Diego Martin,10739,1,
TT,,Nariva/Mayaro,10740,1,
TT,,Point Fortin Borough,10741,1,
TT,,Port of Spain,10742,1,
TT,,Rest of St. George,10743,1,
TT,,San Fernando,10744,1,
TT,,St. Andrew/St. David,10745,1,
TT,,St. Anns,10746,1,
TT,,St. Patrick,10747,1,
TT,,Tacarigua,10748,1,
TT,,Tobago,10749,1,
TT,,Victoria,10750,1,
TR,,Canakkale,10751,1,
TR,,Cankiri,10752,1,
TR,,Corum,10753,1,
TR,,Adana,10754,1,
TR,,Adiyaman,10755,1,
TR,,Afyonkarahisar,10756,1,
TR,,Agri,10757,1,
TR,,Aksaray,10758,1,
TR,,Amasya,10759,1,
TR,,Ankara,10760,1,
TR,,Antalya,10761,1,
TR,,Artvin,10762,1,
TR,,Aydin,10763,1,
TR,,Balikesir,10764,1,
TR,,Bartin,10765,1,
TR,,Batman,10766,1,
TR,,Bayburt,10767,1,
TR,,Bilecik,10768,1,
TR,,Bingol,10769,1,
TR,,Bitlis,10770,1,
TR,,Bolu,10771,1,
TR,,Burdur,10772,1,
TR,,Bursa,10773,1,
TR,,Denizli,10774,1,
TR,,Diyarbakir,10775,1,
TR,,Duzce,10776,1,
TR,,Edirne,10777,1,
TR,,Elazig,10778,1,
TR,,Erzincan,10779,1,
TR,,Erzurum,10780,1,
TR,,Eskisehir,10781,1,
TR,,Gumushane,10782,1,
TR,,Gaziantep,10783,1,
TR,,Giresun,10784,1,
TR,,Hakkari,10785,1,
TR,,Hatay,10786,1,
TR,,Igdir,10787,1,
TR,,Isparta,10788,1,
TR,,Istanbul,10789,1,
TR,,Izmir,10790,1,
TR,,Kahramanmaras,10791,1,
TR,,Karabuk,10792,1,
TR,,Karaman,10793,1,
TR,,Kars,10794,1,
TR,,Kastamonu,10795,1,
TR,,Kutahya,10796,1,
TR,,Kayseri,10797,1,
TR,,Kirklareli,10798,1,
TR,,Kirsehir,10799,1,
TR,,Kocaeli,10800,1,
TR,,Konya,10801,1,
TR,,Malatya,10802,1,
TR,,Manisa,10803,1,
TR,,Mardin,10804,1,
TR,,Mersin,10805,1,
TR,,Mugla,10806,1,
TR,,Mus,10807,1,
TR,,Nevsehir,10808,1,
TR,,Nigde,10809,1,
TR,,Ordu,10810,1,
TR,,Osmaniye,10811,1,
TR,,Rize,10812,1,
TR,,Sakarya,10813,1,
TR,,Samsun,10814,1,
TR,,Sanliurfa,10815,1,
TR,,Siirt,10816,1,
TR,,Sinop,10817,1,
TR,,Sirnak,10818,1,
TR,,Sivas,10819,1,
TR,,Tekirdag,10820,1,
TR,,Tokat,10821,1,
TR,,Trabzon,10822,1,
TR,,Tunceli,10823,1,
TR,,Usak,10824,1,
TR,,Van,10825,1,
TR,,Yalova,10826,1,
TR,,Yozgat,10827,1,
TR,,Zonguldak,10828,1,
UG,,Isingiro,10829,1,
GB,,Anguilla,10830,1,
GB,,British Virgin Islands,10831,1,
GB,,Cayman Islands,10832,1,
GB,,Falkland Islands (Islas Malvinas),10833,1,
GB,,Gibraltar,10834,1,
GB,,Guernsey,10835,1,
GB,,Isle of Man,10836,1,
GB,,Jersey,10837,1,
GB,,Montserrat,10838,1,
GB,,Pitcairn Islands,10839,1,
GB,,"Saint Helena, Ascension, and Tristan da Cunha",10840,1,
GB,,Turks and Caicos Islands,10841,1,
US,,American Samoa,10842,1,
US,,Guam,10843,1,
US,,Puerto Rico,10844,1,
VE,,Vargas,10845,1,
VN,,An Giang,10846,1,
AF,,Paktiya,3554,1,
AF,,Sar-e Pul,3556,1,
AL,,Diber,68,1,68
AL,,Gjirokaster,72,1,72
AL,,Kikes,74,1,74
DZ,,Ain Defla,868,1,831
DZ,,Ain Temouchent,867,1,832
DZ,,Bordj Bou Arreridj,854,1,840
DZ,,Setif,836,1,866
DZ,,Tebessa,844,1,871
AO,,Bie,35,1,35
AO,,Huila,42,1,42
AO,,Uige,49,1,49
AR,,Entre Rios,103,1,106
AM,,Aragatsotn,123,1,123
AT,,Carinthia,166,1,163
AT,,Upper Austria,169,1,165
AZ,,Agcabadi,3569,1,
AZ,,Ali Bayramli Sahari,3568,1,
AZ,,Baki Sahari,214,1,179
AZ,,Neftcala,234,1,205
BS,,Acklins Islands,394,1,364
BS,,Crooked Island and Long Cay,392,1,373
BE,,Flanders,265,1,261
BT,,Tsirang,489,1,474
MM,,Ayeyawaddy,1855,1,1853
MM,,Kayar,1865,1,1857
KH,,Preah Sihanouk,3663,1,
CM,,Far North,626,1,626
CV,,Paul,702,1,691
CV,,Sao Domingos,690,1,698
TD,,Guera,2801,1,2801
CL,,Aisen del General Carlos Ibanez del Campo,559,1,558
CL,,Magallanes y de la Antartica Chilena,3606,1,
CN,,Tibet,3611,1,
HR,,Sibenik-Knin,1204,1,1216
EG,,Red Sea,899,1,900
GQ,,Annobon,1087,1,1083
EE,,Harjumaa,964,1,953
EE,,Hiiumaa,965,1,954
HT,,Artibonite,1226,1,1226
HT,3373,Abricots,3409,3,25665
HT,3383,Acul du Nord,3410,3,25698
HT,3371,Anse d'Hainault,3411,3,25658
HT,3394,Anse A Foleur,3413,3,25731
HT,3379,Arnaud,3546,3,999999994
HT,3403,Roche-A-Bateau,3520,3,25765
HT,3377,Saint-Michel de l'Attal,3522,3,25681
HN,,Atlantida,1185,1,1185
HN,,Francisco Morazan,1192,1,1192
IS,,East,1400,1,1396
IS,,Capital region,1402,1,1397
IS,,Northeast,1397,1,1398
IS,,South,1403,1,1400
JO,,'Amman,1455,1,1446
JO,,Az Zarqa',1445,1,1456
KP,,Chagang,2406,1,2403
KP,,North Hamgyong,2408,1,2404
KR,,Chungbuk,1587,1,1579
KR,,Chungnam,1586,1,1580
LA,,Attapu,1606,1,1599
LY,,Al Jafarah,1660,1,1642
MA,,Laayoune-Boujdour-Sakia El Hamra,1756,1,1751
NP,,Eastern,2107,1,2107
PK,,Khyber Pakhtunkhwa (formerly North-West Frontier Province),2152,1,2153
PG,,Bougainville,2301,1,2301
PY,,Asuncion,2454,1,2440
PY,,Neembucu,3721,1,
PE,,Junin,2182,1,2180
PE,,San Martin,2175,1,2190
RU,,Republic of Adygea (Adygea),2536,1,2511
RU,,Arkhangelsk Region,2529,1,2515
RU,,Republic of Bashkortostan,2531,1,2517
RU,,Chelyabinsk Region,2540,1,2522
RU,,Republic of Ingushetia,2549,1,2530
RU,,Khanty-Mansiysk Autonomous Okrug - Ugra,2519,1,2543
RU,,Krasnoyarsk Territory,2563,1,2550
RU,,Sverdlovsk Region,2594,1,2580
RU,,Vologda Region,2588,1,2594
SK,,Zilinsky,2740,1,2746
SK,,Bratislavsky,2745,1,2740
SO,,Lower Jubba,2691,1,2691
ES,,Asturias,951,1,951
CH,,Appenzell Ausser-Rhoden,541,1,532
UA,,Crimea or Avtonomna Respublika Krym,3141,1,3139
UA,,Kyiv,3140,1,3146
UY,,Tacuarembo,3175,1,3189
UZ,,Bukhara,3251,1,3243
